circuit,greedy_k,final_cost,original_cost,reduction_pct,peak_mb,qalm_k_iters,max_qalm_k
0410184_169,0,199,363,45.18,3024,1,1
0410184_169,1,200,363,44.90,2440,1,2
0410184_169,2,199,363,45.18,2019,1,3
0410184_169,3,197,363,45.73,1914,1,4
3_17_13,0,33,60,45.00,1316,1,1
3_17_13,1,32,60,46.67,968,1,2
3_17_13,2,32,60,46.67,724,1,3
3_17_13,3,33,60,45.00,588,1,4
4_49_16,0,158,329,51.98,2639,1,1
4_49_16,1,160,329,51.37,1939,1,2
4_49_16,2,159,329,51.67,1706,1,3
4_49_16,3,157,329,52.28,1693,1,4
4gt10-v1_81,0,112,228,50.88,2418,1,1
4gt10-v1_81,1,112,228,50.88,1905,1,2
4gt10-v1_81,2,110,228,51.75,1574,1,3
4gt10-v1_81,3,111,228,51.32,1461,1,4
4gt11_83,0,19,31,38.71,1087,1,1
4gt11_83,1,19,31,38.71,651,1,2
4gt11_83,2,19,31,38.71,399,1,3
4gt11_83,3,19,31,38.71,201,1,4
4gt11_84,0,17,26,34.62,827,1,1
4gt11_84,1,17,26,34.62,61,248,249
4gt11_84,2,17,26,34.62,33,290,292
4gt11_84,3,17,26,34.62,31,286,289
4gt12-v0_86,0,163,371,56.06,2639,1,1
4gt12-v0_86,1,164,371,55.80,1845,1,2
4gt12-v0_86,2,165,371,55.53,1802,1,3
4gt12-v0_86,3,165,371,55.53,1709,1,4
4gt12-v0_87,0,164,367,55.31,2668,1,1
4gt12-v0_87,1,162,367,55.86,2158,1,2
4gt12-v0_87,2,164,367,55.31,1838,1,3
4gt12-v0_87,3,161,367,56.13,1706,1,4
4gt12-v0_88,0,140,290,51.72,2530,1,1
4gt12-v0_88,1,139,290,52.07,2018,1,2
4gt12-v0_88,2,139,290,52.07,1711,1,3
4gt12-v0_88,3,139,290,52.07,1564,1,4
4gt12-v1_89,0,163,356,54.21,2311,1,1
4gt12-v1_89,1,162,356,54.49,2061,1,2
4gt12-v1_89,2,163,356,54.21,1789,1,3
4gt12-v1_89,3,163,356,54.21,1679,1,4
4gt13-v1_93,0,59,116,49.14,1766,1,1
4gt13-v1_93,1,59,116,49.14,1390,1,2
4gt13-v1_93,2,59,116,49.14,985,1,3
4gt13-v1_93,3,59,116,49.14,874,1,4
4gt13_90,0,63,155,59.35,2112,1,1
4gt13_90,1,63,155,59.35,1647,1,2
4gt13_90,2,64,155,58.71,1060,1,3
4gt13_90,3,65,155,58.06,990,1,4
4gt13_91,0,59,151,60.93,2734,1,1
4gt13_91,1,61,151,59.60,2173,1,2
4gt13_91,2,60,151,60.26,1777,1,3
4gt13_91,3,59,151,60.93,1394,1,4
4gt13_92,0,50,98,48.98,1727,1,1
4gt13_92,1,50,98,48.98,1386,1,2
4gt13_92,2,50,98,48.98,897,1,3
4gt13_92,3,50,98,48.98,738,1,4
4gt4-v0_72,0,167,394,57.61,2311,1,1
4gt4-v0_72,1,165,394,58.12,2126,1,2
4gt4-v0_72,2,167,394,57.61,1804,1,3
4gt4-v0_72,3,167,394,57.61,1696,1,4
4gt4-v0_73,0,244,587,58.43,4163,1,1
4gt4-v0_73,1,242,587,58.77,3290,1,2
4gt4-v0_73,2,243,587,58.60,2886,1,3
4gt4-v0_73,3,244,587,58.43,2555,1,4
4gt4-v0_78,0,158,347,54.47,2525,1,1
4gt4-v0_78,1,158,347,54.47,2090,1,2
4gt4-v0_78,2,158,347,54.47,1813,1,3
4gt4-v0_78,3,158,347,54.47,1389,1,4
4gt4-v0_79,0,154,343,55.10,2579,1,1
4gt4-v0_79,1,156,343,54.52,2068,1,2
4gt4-v0_79,2,156,343,54.52,1796,1,3
4gt4-v0_79,3,155,343,54.81,1651,1,4
4gt4-v0_80,0,132,275,52.00,2291,1,1
4gt4-v0_80,1,133,275,51.64,1948,1,2
4gt4-v0_80,2,133,275,51.64,1667,1,3
4gt4-v0_80,3,133,275,51.64,1488,1,4
4gt4-v1_74,0,201,417,51.80,2767,1,1
4gt4-v1_74,1,200,417,52.04,2207,1,2
4gt4-v1_74,2,200,417,52.04,1906,1,3
4gt4-v1_74,3,200,417,52.04,1801,1,4
4gt5_76,0,56,131,57.25,2337,1,1
4gt5_76,1,58,131,55.73,2069,1,2
4gt5_76,2,57,131,56.49,1616,1,3
4gt5_76,3,57,131,56.49,1431,1,4
4gt5_77,0,99,203,51.23,2544,1,1
4gt5_77,1,99,203,51.23,1944,1,2
4gt5_77,2,99,203,51.23,1633,1,3
4gt5_77,3,99,203,51.23,1201,1,4
4mod5-bdd_287,0,66,126,47.62,2166,1,1
4mod5-bdd_287,1,66,126,47.62,1556,1,2
4mod5-bdd_287,2,66,126,47.62,1183,1,3
4mod5-bdd_287,3,66,126,47.62,1135,1,4
4mod5-v0_18,0,40,117,65.81,1999,1,1
4mod5-v0_18,1,40,117,65.81,1499,1,2
4mod5-v0_18,2,40,117,65.81,1218,1,3
4mod5-v0_18,3,40,117,65.81,607,1,4
4mod5-v0_19,0,30,59,49.15,1902,1,1
4mod5-v0_19,1,30,59,49.15,1018,1,2
4mod5-v0_19,2,30,59,49.15,565,1,3
4mod5-v0_19,3,30,59,49.15,502,1,4
4mod5-v0_20,0,21,36,41.67,1138,1,1
4mod5-v0_20,1,21,36,41.67,511,1,2
4mod5-v0_20,2,21,36,41.67,324,1,3
4mod5-v0_20,3,21,36,41.67,109,7,10
4mod5-v1_22,0,22,37,40.54,1111,1,1
4mod5-v1_22,1,22,37,40.54,465,1,2
4mod5-v1_22,2,22,37,40.54,341,1,3
4mod5-v1_22,3,22,37,40.54,305,1,4
4mod5-v1_23,0,42,109,61.47,1876,1,1
4mod5-v1_23,1,43,109,60.55,1467,1,2
4mod5-v1_23,2,42,109,61.47,1192,1,3
4mod5-v1_23,3,42,109,61.47,871,1,4
4mod5-v1_24,0,38,68,44.12,1383,1,1
4mod5-v1_24,1,35,68,48.53,1069,1,2
4mod5-v1_24,2,38,68,44.12,637,1,3
4mod5-v1_24,3,35,68,48.53,605,1,4
4mod7-v0_94,0,101,242,58.26,2511,1,1
4mod7-v0_94,1,101,242,58.26,1896,1,2
4mod7-v0_94,2,101,242,58.26,1651,1,3
4mod7-v0_94,3,101,242,58.26,1469,1,4
4mod7-v1_96,0,119,260,54.23,2166,1,1
4mod7-v1_96,1,119,260,54.23,1900,1,2
4mod7-v1_96,2,119,260,54.23,1594,1,3
4mod7-v1_96,3,119,260,54.23,1442,1,4
9symml_195,0,26101,52809,50.57,8183,1,1
9symml_195,1,26103,52809,50.57,3452,0,
9symml_195,2,26103,52809,50.57,3350,0,
9symml_195,3,26103,52809,50.57,3407,0,
C17_204,0,303,707,57.14,3088,1,1
C17_204,1,300,707,57.57,2565,1,2
C17_204,2,302,707,57.28,2224,1,3
C17_204,3,304,707,57.00,2260,1,4
TFIM_step_100_16,0,2653,6240,57.48,5214,1,1
TFIM_step_100_16,1,2656,6240,57.44,4945,1,2
TFIM_step_100_16,2,2656,6240,57.44,4842,1,3
TFIM_step_100_16,3,2656,6240,57.44,5401,1,4
TFIM_step_100_32,0,10907,25792,57.71,8183,1,1
TFIM_step_100_32,1,10907,25792,57.71,8183,1,2
TFIM_step_100_32,2,10895,25792,57.76,2529,0,
TFIM_step_100_32,3,10895,25792,57.76,2538,0,
TFIM_step_100_4,0,136,312,56.41,1886,1,1
TFIM_step_100_4,1,136,312,56.41,1442,1,2
TFIM_step_100_4,2,136,312,56.41,1237,1,3
TFIM_step_100_4,3,136,312,56.41,1076,1,4
TFIM_step_100_8,0,621,1456,57.35,2739,1,1
TFIM_step_100_8,1,624,1456,57.14,2495,1,2
TFIM_step_100_8,2,624,1456,57.14,2189,1,3
TFIM_step_100_8,3,624,1456,57.14,2106,1,4
TFIM_step_10_4,0,136,312,56.41,1908,1,1
TFIM_step_10_4,1,136,312,56.41,1409,1,2
TFIM_step_10_4,2,136,312,56.41,1184,1,3
TFIM_step_10_4,3,136,312,56.41,1031,1,4
TFIM_step_20_4,0,136,312,56.41,1902,1,1
TFIM_step_20_4,1,136,312,56.41,1451,1,2
TFIM_step_20_4,2,136,312,56.41,1210,1,3
TFIM_step_20_4,3,136,312,56.41,1080,1,4
TFIM_step_30_4,0,136,312,56.41,1891,1,1
TFIM_step_30_4,1,136,312,56.41,1431,1,2
TFIM_step_30_4,2,136,312,56.41,1127,1,3
TFIM_step_30_4,3,136,312,56.41,1098,1,4
TFIM_step_40_4,0,136,312,56.41,1826,1,1
TFIM_step_40_4,1,136,312,56.41,1304,1,2
TFIM_step_40_4,2,136,312,56.41,1208,1,3
TFIM_step_40_4,3,136,312,56.41,1084,1,4
TFIM_step_50_4,0,136,312,56.41,1915,1,1
TFIM_step_50_4,1,136,312,56.41,1419,1,2
TFIM_step_50_4,2,136,312,56.41,1230,1,3
TFIM_step_50_4,3,136,312,56.41,1081,1,4
TFIM_step_60_4,0,136,312,56.41,1809,1,1
TFIM_step_60_4,1,136,312,56.41,1456,1,2
TFIM_step_60_4,2,136,312,56.41,1117,1,3
TFIM_step_60_4,3,136,312,56.41,1122,1,4
TFIM_step_70_4,0,136,312,56.41,1897,1,1
TFIM_step_70_4,1,136,312,56.41,1433,1,2
TFIM_step_70_4,2,136,312,56.41,1212,1,3
TFIM_step_70_4,3,136,312,56.41,1084,1,4
TFIM_step_80_4,0,136,312,56.41,1903,1,1
TFIM_step_80_4,1,136,312,56.41,1441,1,2
TFIM_step_80_4,2,136,312,56.41,1100,1,3
TFIM_step_80_4,3,136,312,56.41,1080,1,4
TFIM_step_90_4,0,136,312,56.41,1559,1,1
TFIM_step_90_4,1,136,312,56.41,1424,1,2
TFIM_step_90_4,2,136,312,56.41,1213,1,3
TFIM_step_90_4,3,136,312,56.41,1087,1,4
XY_step_100_4,0,128,288,55.56,2120,1,1
XY_step_100_4,1,128,288,55.56,1528,1,2
XY_step_100_4,2,128,288,55.56,1171,1,3
XY_step_100_4,3,128,288,55.56,1111,1,4
XY_step_100_8,0,608,1344,54.76,3009,1,1
XY_step_100_8,1,608,1344,54.76,2382,1,2
XY_step_100_8,2,608,1344,54.76,2235,1,3
XY_step_100_8,3,608,1344,54.76,2054,1,4
adder_4,0,103,267,61.42,1837,1,1
adder_4,1,103,267,61.42,1215,1,2
adder_4,2,103,267,61.42,1048,1,3
adder_4,3,103,267,61.42,907,1,4
adder_8,0,594,900,34.00,3322,1,1
adder_8,1,581,900,35.44,3090,1,2
adder_8,2,578,900,35.78,2762,1,3
adder_8,3,578,900,35.78,3783,1,4
adder_9,0,72,226,68.14,1927,1,1
adder_9,1,72,226,68.14,1495,1,2
adder_9,2,71,226,68.58,1260,1,3
adder_9,3,72,226,68.14,975,1,4
adr4_197,0,2230,5271,57.69,5792,1,1
adr4_197,1,2231,5271,57.67,5701,1,2
adr4_197,2,2164,5271,58.95,6380,1,3
adr4_197,3,2152,5271,59.17,5996,0,
ae_nativegates_ibm_tket_8,0,541,2310,76.58,2354,1,1
ae_nativegates_ibm_tket_8,1,537,2310,76.75,2300,1,2
ae_nativegates_ibm_tket_8,2,537,2310,76.75,2093,1,3
ae_nativegates_ibm_tket_8,3,537,2310,76.75,1933,1,4
aj-e11_165,0,114,231,50.65,2383,1,1
aj-e11_165,1,115,231,50.22,1924,1,2
aj-e11_165,2,115,231,50.22,1624,1,3
aj-e11_165,3,115,231,50.22,1239,1,4
alu-bdd_288,0,61,132,53.79,2695,1,1
alu-bdd_288,1,61,132,53.79,2209,1,2
alu-bdd_288,2,61,132,53.79,1406,1,3
alu-bdd_288,3,61,132,53.79,1124,1,4
alu-v0_26,0,67,132,49.24,2057,1,1
alu-v0_26,1,66,132,50.00,1576,1,2
alu-v0_26,2,66,132,50.00,1081,1,3
alu-v0_26,3,66,132,50.00,1065,1,4
alu-v0_27,0,38,60,36.67,1558,1,1
alu-v0_27,1,38,60,36.67,1054,1,2
alu-v0_27,2,38,60,36.67,444,1,3
alu-v0_27,3,38,60,36.67,411,1,4
alu-v1_28,0,36,61,40.98,1584,1,1
alu-v1_28,1,36,61,40.98,1093,1,2
alu-v1_28,2,36,61,40.98,710,1,3
alu-v1_28,3,36,61,40.98,602,1,4
alu-v1_29,0,42,69,39.13,1612,1,1
alu-v1_29,1,42,69,39.13,1108,1,2
alu-v1_29,2,42,69,39.13,620,1,3
alu-v1_29,3,42,69,39.13,523,1,4
alu-v2_30,0,363,768,52.73,3241,1,1
alu-v2_30,1,361,768,52.99,2587,1,2
alu-v2_30,2,364,768,52.60,2176,1,3
alu-v2_30,3,364,768,52.60,2479,1,4
alu-v2_31,0,301,683,55.93,3083,1,1
alu-v2_31,1,301,683,55.93,2540,1,2
alu-v2_31,2,301,683,55.93,2253,1,3
alu-v2_31,3,299,683,56.22,2250,1,4
alu-v2_32,0,120,251,52.19,3365,1,1
alu-v2_32,1,120,251,52.19,2609,1,2
alu-v2_32,2,119,251,52.59,2125,1,3
alu-v2_32,3,120,251,52.19,1965,1,4
alu-v2_33,0,43,69,37.68,1851,1,1
alu-v2_33,1,43,69,37.68,1327,1,2
alu-v2_33,2,43,69,37.68,865,1,3
alu-v2_33,3,43,69,37.68,743,1,4
alu-v3_34,0,50,84,40.48,1896,1,1
alu-v3_34,1,50,84,40.48,1414,1,2
alu-v3_34,2,50,84,40.48,920,1,3
alu-v3_34,3,50,84,40.48,779,1,4
alu-v3_35,0,38,61,37.70,1572,1,1
alu-v3_35,1,38,61,37.70,1086,1,2
alu-v3_35,2,38,61,37.70,484,1,3
alu-v3_35,3,38,61,37.70,449,1,4
alu-v4_36,0,80,179,55.31,2106,1,1
alu-v4_36,1,80,179,55.31,1667,1,2
alu-v4_36,2,81,179,54.75,1459,1,3
alu-v4_36,3,80,179,55.31,1273,1,4
alu-v4_37,0,38,61,37.70,1572,1,1
alu-v4_37,1,38,61,37.70,1112,1,2
alu-v4_37,2,38,61,37.70,483,1,3
alu-v4_37,3,38,61,37.70,440,1,4
barenco_tof_10,0,335,450,25.56,3296,1,1
barenco_tof_10,1,335,450,25.56,2753,1,2
barenco_tof_10,2,335,450,25.56,2401,1,3
barenco_tof_10,3,335,450,25.56,2488,1,4
barenco_tof_3,0,48,58,17.24,1690,1,1
barenco_tof_3,1,48,58,17.24,981,1,2
barenco_tof_3,2,48,58,17.24,828,1,3
barenco_tof_3,3,48,58,17.24,707,1,4
barenco_tof_4,0,89,114,21.93,2307,1,1
barenco_tof_4,1,89,114,21.93,1572,1,2
barenco_tof_4,2,87,114,23.68,1325,1,3
barenco_tof_4,3,89,114,21.93,1159,1,4
barenco_tof_5,0,130,170,23.53,2588,1,1
barenco_tof_5,1,130,170,23.53,2005,1,2
barenco_tof_5,2,130,170,23.53,1547,1,3
barenco_tof_5,3,130,170,23.53,1523,1,4
clip_206,0,24909,51227,51.38,8182,1,1
clip_206,1,24914,51227,51.37,3685,0,
clip_206,2,24914,51227,51.37,3492,0,
clip_206,3,24914,51227,51.37,4102,0,
cm152a_212,0,777,1869,58.43,4144,1,1
cm152a_212,1,783,1869,58.11,3669,1,2
cm152a_212,2,779,1869,58.32,3396,1,3
cm152a_212,3,782,1869,58.16,4265,1,4
cm42a_207,0,1171,2776,57.82,4380,1,1
cm42a_207,1,1161,2776,58.18,3889,1,2
cm42a_207,2,1161,2776,58.18,3983,1,3
cm42a_207,3,1161,2776,58.18,6314,1,4
cm82a_208,0,416,1026,59.45,3280,1,1
cm82a_208,1,417,1026,59.36,2752,1,2
cm82a_208,2,414,1026,59.65,2430,1,3
cm82a_208,3,415,1026,59.55,2648,1,4
cm85a_209,0,8187,17270,52.59,8183,1,1
cm85a_209,1,7518,17270,56.47,8183,1,2
cm85a_209,2,7496,17270,56.60,4790,0,
cm85a_209,3,7496,17270,56.60,4757,0,
cnt3-5_179,0,148,255,41.96,2588,1,1
cnt3-5_179,1,150,255,41.18,2088,1,2
cnt3-5_179,2,149,255,41.57,1782,1,3
cnt3-5_179,3,147,255,42.35,1664,1,4
cnt3-5_180,0,358,725,50.62,3059,1,1
cnt3-5_180,1,360,725,50.34,2470,1,2
cnt3-5_180,2,358,725,50.62,2366,1,3
cnt3-5_180,3,359,725,50.48,2509,1,4
co14_215,0,13317,27024,50.72,8183,1,1
co14_215,1,12624,27024,53.29,4232,0,
co14_215,2,12824,27024,52.55,3718,0,
co14_215,3,12824,27024,52.55,3759,0,
con1_216,0,627,1490,57.92,3557,1,1
con1_216,1,630,1490,57.72,3215,1,2
con1_216,2,629,1490,57.79,2949,1,3
con1_216,3,629,1490,57.79,3671,1,4
csla_mux_3,0,144,170,15.29,2760,1,1
csla_mux_3,1,142,170,16.47,2134,1,2
csla_mux_3,2,147,170,13.53,1870,1,3
csla_mux_3,3,144,170,15.29,1777,1,4
csum_mux_9,0,260,420,38.10,2880,1,1
csum_mux_9,1,267,420,36.43,2422,1,2
csum_mux_9,2,259,420,38.33,2188,1,3
csum_mux_9,3,252,420,40.00,2366,1,4
cycle10_2_110,0,3991,9074,56.02,8183,1,1
cycle10_2_110,1,4114,9074,54.66,8183,1,2
cycle10_2_110,2,3857,9074,57.49,5075,0,
cycle10_2_110,3,3857,9074,57.49,4804,0,
dc1_220,0,1208,2946,59.00,4648,1,1
dc1_220,1,1212,2946,58.86,4168,1,2
dc1_220,2,1197,2946,59.37,3982,1,3
dc1_220,3,1197,2946,59.37,6903,1,4
dc2_222,0,6932,14350,51.69,8183,1,1
dc2_222,1,6429,14350,55.20,8183,1,2
dc2_222,2,6427,14350,55.21,4920,0,
dc2_222,3,6427,14350,55.21,4907,0,
decod24-bdd_294,0,74,145,48.97,1908,1,1
decod24-bdd_294,1,64,145,55.86,1237,1,2
decod24-bdd_294,2,74,145,48.97,1180,1,3
decod24-bdd_294,3,71,145,51.03,1005,1,4
decod24-enable_126,0,234,506,53.75,2852,1,1
decod24-enable_126,1,233,506,53.95,2320,1,2
decod24-enable_126,2,233,506,53.95,2076,1,3
decod24-enable_126,3,234,506,53.75,1930,1,4
decod24-v0_38,0,40,83,51.81,1549,1,1
decod24-v0_38,1,40,83,51.81,1170,1,2
decod24-v0_38,2,40,83,51.81,954,1,3
decod24-v0_38,3,40,83,51.81,686,1,4
decod24-v1_41,0,72,141,48.94,2038,1,1
decod24-v1_41,1,72,141,48.94,1590,1,2
decod24-v1_41,2,72,141,48.94,1233,1,3
decod24-v1_41,3,72,141,48.94,1055,1,4
decod24-v2_43,0,52,100,48.00,1585,1,1
decod24-v2_43,1,52,100,48.00,1409,1,2
decod24-v2_43,2,52,100,48.00,1148,1,3
decod24-v2_43,3,52,100,48.00,767,1,4
decod24-v3_45,0,124,262,52.67,3023,1,1
decod24-v3_45,1,129,262,50.76,1921,1,2
decod24-v3_45,2,127,262,51.53,1601,1,3
decod24-v3_45,3,124,262,52.67,1401,1,4
dist_223,0,28207,57486,50.93,8183,1,1
dist_223,1,28214,57486,50.92,2813,0,
dist_223,2,28214,57486,50.92,3201,0,
dist_223,3,28214,57486,50.92,3117,0,
ex-1_166,0,19,35,45.71,891,1,1
ex-1_166,1,22,35,37.14,364,1,2
ex-1_166,2,22,35,37.14,173,1,3
ex-1_166,3,22,35,37.14,165,1,4
ex1_226,0,7,23,69.57,898,1,1
ex1_226,1,15,23,34.78,46,205,206
ex1_226,2,15,23,34.78,45,202,204
ex1_226,3,15,23,34.78,46,203,206
ex2_227,0,415,983,57.78,3464,1,1
ex2_227,1,417,983,57.58,2830,1,2
ex2_227,2,420,983,57.27,2401,1,3
ex2_227,3,418,983,57.48,2651,1,4
ex3_229,0,279,627,55.50,3011,1,1
ex3_229,1,278,627,55.66,2515,1,2
ex3_229,2,278,627,55.66,2134,1,3
ex3_229,3,277,627,55.82,2127,1,4
f2_232,0,778,1854,58.04,3977,1,1
f2_232,1,772,1854,58.36,3283,1,2
f2_232,2,772,1854,58.36,3147,1,3
f2_232,3,774,1854,58.25,4149,1,4
gf2^10_mult,0,1027,1347,23.76,4322,1,1
gf2^10_mult,1,993,1347,26.28,3664,1,2
gf2^10_mult,2,993,1347,26.28,3921,1,3
gf2^10_mult,3,993,1347,26.28,5659,0,
gf2^4_mult,0,175,225,22.22,2901,1,1
gf2^4_mult,1,174,225,22.67,2352,1,2
gf2^4_mult,2,175,225,22.22,1987,1,3
gf2^4_mult,3,174,225,22.67,2013,1,4
gf2^5_mult,0,269,347,22.48,3119,1,1
gf2^5_mult,1,270,347,22.19,2675,1,2
gf2^5_mult,2,268,347,22.77,2178,1,3
gf2^5_mult,3,270,347,22.19,2690,1,4
gf2^6_mult,0,384,495,22.42,3397,1,1
gf2^6_mult,1,379,495,23.43,2400,1,2
gf2^6_mult,2,375,495,24.24,2677,1,3
gf2^6_mult,3,374,495,24.44,3501,1,4
gf2^7_mult,0,513,669,23.32,3531,1,1
gf2^7_mult,1,506,669,24.36,3183,1,2
gf2^7_mult,2,506,669,24.36,3072,1,3
gf2^7_mult,3,500,669,25.26,5328,1,4
gf2^8_mult,0,657,883,25.59,3791,1,1
gf2^8_mult,1,654,883,25.93,3326,1,2
gf2^8_mult,2,650,883,26.39,3279,1,3
gf2^8_mult,3,652,883,26.16,6096,1,4
gf2^9_mult,0,833,1095,23.93,3848,1,1
gf2^9_mult,1,812,1095,25.84,3511,1,2
gf2^9_mult,2,812,1095,25.84,3573,1,3
gf2^9_mult,3,812,1095,25.84,4495,0,
graycode6_47,0,5,5,0.00,15,518101,518101
graycode6_47,1,5,5,0.00,16,523444,523445
graycode6_47,2,5,5,0.00,16,504643,504645
graycode6_47,3,5,5,0.00,16,516851,516854
ground_state_estimation_10,0,10712,390180,97.25,8183,1,1
ground_state_estimation_10,1,10712,390180,97.25,8183,1,2
ground_state_estimation_10,2,10712,390180,97.25,1087,0,
ground_state_estimation_10,3,10712,390180,97.25,1087,0,
grover_pigeon3,0,8399,25714,67.34,8182,1,1
grover_pigeon3,1,8399,25714,67.34,8183,1,2
grover_pigeon3,2,8399,25714,67.34,8183,1,3
grover_pigeon3,3,8399,25714,67.34,1729,0,
ham15-high,0,2825,7498,62.32,6874,1,1
ham15-high,1,2806,7498,62.58,6795,1,2
ham15-high,2,2812,7498,62.50,8125,1,3
ham15-high,3,2813,7498,62.48,5774,0,
ham15-low,0,325,713,54.42,1763,1,1
ham15-low,1,325,713,54.42,1644,1,2
ham15-low,2,327,713,54.14,1549,1,3
ham15-low,3,323,713,54.70,1736,1,4
ham15-med,0,652,1907,65.81,3691,1,1
ham15-med,1,651,1907,65.86,3191,1,2
ham15-med,2,647,1907,66.07,3039,1,3
ham15-med,3,648,1907,66.02,4387,1,4
ham15_107,0,6510,13123,50.39,8183,1,1
ham15_107,1,6061,13123,53.81,8183,1,2
ham15_107,2,6059,13123,53.83,4887,0,
ham15_107,3,6059,13123,53.83,4870,0,
ham3_102,0,16,28,42.86,786,1,1
ham3_102,1,16,28,42.86,23,470,471
ham3_102,2,16,28,42.86,23,467,469
ham3_102,3,16,28,42.86,24,464,467
ham7_104,0,225,472,52.33,2985,1,1
ham7_104,1,221,472,53.18,2306,1,2
ham7_104,2,223,472,52.75,1838,1,3
ham7_104,3,224,472,52.54,1828,1,4
heisenberg_step_10_4,0,419,1472,71.54,3395,1,1
heisenberg_step_10_4,1,419,1472,71.54,2688,1,2
heisenberg_step_10_4,2,419,1472,71.54,2353,1,3
heisenberg_step_10_4,3,419,1472,71.54,2222,1,4
heisenberg_step_15_4,0,620,2207,71.91,3184,1,1
heisenberg_step_15_4,1,621,2207,71.86,2681,1,2
heisenberg_step_15_4,2,619,2207,71.95,2369,1,3
heisenberg_step_15_4,3,619,2207,71.95,2354,1,4
heisenberg_step_20_4,0,825,2942,71.96,3921,1,1
heisenberg_step_20_4,1,822,2942,72.06,3170,1,2
heisenberg_step_20_4,2,819,2942,72.16,2699,1,3
heisenberg_step_20_4,3,819,2942,72.16,2766,1,4
heisenberg_step_25_4,0,1024,3677,72.15,3764,1,1
heisenberg_step_25_4,1,1019,3677,72.29,3207,1,2
heisenberg_step_25_4,2,1019,3677,72.29,3017,1,3
heisenberg_step_25_4,3,1019,3677,72.29,3221,1,4
heisenberg_step_30_4,0,1224,4412,72.26,4036,1,1
heisenberg_step_30_4,1,1228,4412,72.17,3464,1,2
heisenberg_step_30_4,2,1219,4412,72.37,3306,1,3
heisenberg_step_30_4,3,1219,4412,72.37,3711,1,4
heisenberg_step_35_4,0,1422,5147,72.37,4371,1,1
heisenberg_step_35_4,1,1432,5147,72.18,3935,1,2
heisenberg_step_35_4,2,1419,5147,72.43,3656,1,3
heisenberg_step_35_4,3,1419,5147,72.43,4344,1,4
heisenberg_step_40_4,0,1631,5882,72.27,4406,1,1
heisenberg_step_40_4,1,1629,5882,72.31,4108,1,2
heisenberg_step_40_4,2,1621,5882,72.44,3945,1,3
heisenberg_step_40_4,3,1619,5882,72.48,4883,1,4
heisenberg_step_45_4,0,1839,6617,72.21,4631,1,1
heisenberg_step_45_4,1,1832,6617,72.31,4285,1,2
heisenberg_step_45_4,2,1819,6617,72.51,4413,1,3
heisenberg_step_45_4,3,1819,6617,72.51,5446,1,4
heisenberg_step_50_4,0,2035,7352,72.32,5295,1,1
heisenberg_step_50_4,1,2030,7352,72.39,4771,1,2
heisenberg_step_50_4,2,2020,7352,72.52,4679,1,3
heisenberg_step_50_4,3,2019,7352,72.54,6125,1,4
heisenberg_step_50_8,0,5616,17154,67.26,8183,1,1
heisenberg_step_50_8,1,5617,17154,67.26,8183,1,2
heisenberg_step_50_8,2,5583,17154,67.45,4136,0,
heisenberg_step_50_8,3,5582,17154,67.46,4070,0,
heisenberg_step_5_4,0,219,737,70.28,2778,1,1
heisenberg_step_5_4,1,219,737,70.28,2197,1,2
heisenberg_step_5_4,2,219,737,70.28,1858,1,3
heisenberg_step_5_4,3,219,737,70.28,1615,1,4
hlf_10,0,50,161,68.94,1178,1,1
hlf_10,1,54,161,66.46,1148,1,2
hlf_10,2,51,161,68.32,868,1,3
hlf_10,3,52,161,67.70,826,1,4
hlf_5,0,44,95,53.68,1125,1,1
hlf_5,1,44,95,53.68,929,1,2
hlf_5,2,44,95,53.68,763,1,3
hlf_5,3,44,95,53.68,679,1,4
hwb4_49,0,155,345,55.07,2123,1,1
hwb4_49,1,154,345,55.36,2104,1,2
hwb4_49,2,154,345,55.36,1787,1,3
hwb4_49,3,158,345,54.20,1655,1,4
hwb5_53,0,948,1992,52.41,4258,1,1
hwb5_53,1,938,1992,52.91,3615,1,2
hwb5_53,2,938,1992,52.91,3743,1,3
hwb5_53,3,942,1992,52.71,6314,1,4
hwb6,0,223,491,54.58,2890,1,1
hwb6,1,223,491,54.58,2325,1,2
hwb6,2,222,491,54.79,1979,1,3
hwb6,3,223,491,54.58,1937,1,4
hwb6_56,0,4987,10075,50.50,8183,1,1
hwb6_56,1,4984,10075,50.53,8183,1,2
hwb6_56,2,4688,10075,53.47,5031,0,
hwb6_56,3,4688,10075,53.47,5030,0,
hwb7_59,0,18707,36555,48.83,8182,1,1
hwb7_59,1,18687,36555,48.88,3896,0,
hwb7_59,2,18687,36555,48.88,3771,0,
hwb7_59,3,18687,36555,48.88,3878,0,
hwb8_113,0,52932,104068,49.14,8183,1,1
hwb8_113,1,52934,104068,49.14,2682,0,
hwb8_113,2,52934,104068,49.14,2703,0,
hwb8_113,3,52934,104068,49.14,2685,0,
hwb9_119,0,157413,311615,49.48,8183,1,1
hwb9_119,1,157409,311615,49.49,1914,0,
hwb9_119,2,157409,311615,49.49,1914,0,
hwb9_119,3,157409,311615,49.49,1920,0,
inc_237,0,7673,16115,52.39,8183,1,1
inc_237,1,7145,16115,55.66,8183,1,2
inc_237,2,7143,16115,55.67,4506,0,
inc_237,3,7143,16115,55.67,4377,0,
ising_model_10,0,288,920,68.70,2307,1,1
ising_model_10,1,288,920,68.70,2036,1,2
ising_model_10,2,288,920,68.70,1738,1,3
ising_model_10,3,288,920,68.70,1795,1,4
ising_model_13,0,378,1205,68.63,2708,1,1
ising_model_13,1,378,1205,68.63,2273,1,2
ising_model_13,2,378,1205,68.63,2019,1,3
ising_model_13,3,378,1205,68.63,2186,1,4
ising_model_16,0,468,1490,68.59,3112,1,1
ising_model_16,1,468,1490,68.59,2570,1,2
ising_model_16,2,468,1490,68.59,2317,1,3
ising_model_16,3,468,1490,68.59,2569,1,4
life_238,0,16679,34005,50.95,8183,1,1
life_238,1,16682,34005,50.94,3972,0,
life_238,2,16682,34005,50.94,3895,0,
life_238,3,16682,34005,50.94,3870,0,
majority_239,0,397,940,57.77,3236,1,1
majority_239,1,396,940,57.87,2694,1,2
majority_239,2,396,940,57.87,2415,1,3
majority_239,3,395,940,57.98,2607,1,4
max46_240,0,20481,41094,50.16,8183,1,1
max46_240,1,20486,41094,50.15,3701,0,
max46_240,2,20486,41094,50.15,3686,0,
max46_240,3,20484,41094,50.15,3709,0,
miller_11,0,42,74,43.24,1723,1,1
miller_11,1,42,74,43.24,1323,1,2
miller_11,2,42,74,43.24,972,1,3
miller_11,3,42,74,43.24,832,1,4
mini-alu_167,0,203,432,53.01,2855,1,1
mini-alu_167,1,203,432,53.01,2340,1,2
mini-alu_167,2,202,432,53.24,1955,1,3
mini-alu_167,3,202,432,53.24,1776,1,4
mini_alu_305,0,148,301,50.83,2463,1,1
mini_alu_305,1,148,301,50.83,2015,1,2
mini_alu_305,2,148,301,50.83,1721,1,3
mini_alu_305,3,148,301,50.83,1370,1,4
misex1_241,0,3073,7317,58.00,7253,1,1
misex1_241,1,3097,7317,57.67,6883,1,2
misex1_241,2,2981,7317,59.26,8182,1,3
misex1_241,3,2978,7317,59.30,5740,0,
mlp4_245,0,13768,28548,51.77,8182,1,1
mlp4_245,1,13104,28548,54.10,4239,0,
mlp4_245,2,13218,28548,53.70,4090,0,
mlp4_245,3,13242,28548,53.61,3829,0,
mod10_171,0,179,372,51.88,2657,1,1
mod10_171,1,176,372,52.69,2202,1,2
mod10_171,2,180,372,51.61,1797,1,3
mod10_171,3,179,372,51.88,1757,1,4
mod10_176,0,126,274,54.01,2905,1,1
mod10_176,1,124,274,54.74,2524,1,2
mod10_176,2,127,274,53.65,1483,1,3
mod10_176,3,124,274,54.74,1742,1,4
mod5_4,0,35,63,44.44,1680,1,1
mod5_4,1,36,63,42.86,1279,1,2
mod5_4,2,35,63,44.44,1027,1,3
mod5_4,3,36,63,42.86,918,1,4
mod5adder_127,0,426,907,53.03,3241,1,1
mod5adder_127,1,428,907,52.81,2779,1,2
mod5adder_127,2,429,907,52.70,2501,1,3
mod5adder_127,3,427,907,52.92,2700,1,4
mod5d1_63,0,20,30,33.33,1105,1,1
mod5d1_63,1,20,30,33.33,285,1,2
mod5d1_63,2,20,30,33.33,133,2,4
mod5d1_63,3,20,30,33.33,124,2,5
mod5d2_64,0,41,85,51.76,2024,1,1
mod5d2_64,1,42,85,50.59,1528,1,2
mod5d2_64,2,42,85,50.59,1232,1,3
mod5d2_64,3,41,85,51.76,1063,1,4
mod5mils_65,0,29,59,50.85,2017,1,1
mod5mils_65,1,29,59,50.85,1122,1,2
mod5mils_65,2,29,59,50.85,474,1,3
mod5mils_65,3,29,59,50.85,408,1,4
mod8-10_177,0,307,664,53.77,3101,1,1
mod8-10_177,1,307,664,53.77,2300,1,2
mod8-10_177,2,304,664,54.22,2250,1,3
mod8-10_177,3,306,664,53.92,2034,1,4
mod8-10_178,0,246,518,52.51,3727,1,1
mod8-10_178,1,247,518,52.32,3232,1,2
mod8-10_178,2,249,518,51.93,2535,1,3
mod8-10_178,3,248,518,52.12,2584,1,4
mod_mult_55,0,85,119,28.57,2137,1,1
mod_mult_55,1,85,119,28.57,1763,1,2
mod_mult_55,2,85,119,28.57,1214,1,3
mod_mult_55,3,85,119,28.57,1067,1,4
mod_red_21,0,207,278,25.54,2805,1,1
mod_red_21,1,207,278,25.54,2290,1,2
mod_red_21,2,208,278,25.18,1982,1,3
mod_red_21,3,207,278,25.54,1931,1,4
muliply_5,0,101,281,64.06,1966,1,1
muliply_5,1,101,281,64.06,1543,1,2
muliply_5,2,101,281,64.06,1304,1,3
muliply_5,3,101,281,64.06,1115,1,4
multiply_10,0,128,350,63.43,2476,1,1
multiply_10,1,126,350,64.00,1622,1,2
multiply_10,2,129,350,63.14,1734,1,3
multiply_10,3,126,350,64.00,1459,1,4
one-two-three-v0_97,0,202,434,53.46,2689,1,1
one-two-three-v0_97,1,200,434,53.92,2219,1,2
one-two-three-v0_97,2,203,434,53.23,1901,1,3
one-two-three-v0_97,3,203,434,53.23,1827,1,4
one-two-three-v0_98,0,102,218,53.21,2466,1,1
one-two-three-v0_98,1,102,218,53.21,1974,1,2
one-two-three-v0_98,2,99,218,54.59,1684,1,3
one-two-three-v0_98,3,101,218,53.67,1488,1,4
one-two-three-v1_99,0,94,204,53.92,2402,1,1
one-two-three-v1_99,1,95,204,53.43,1973,1,2
one-two-three-v1_99,2,94,204,53.92,1430,1,3
one-two-three-v1_99,3,94,204,53.92,1495,1,4
one-two-three-v2_100,0,61,109,44.04,2600,1,1
one-two-three-v2_100,1,62,109,43.12,2013,1,2
one-two-three-v2_100,2,61,109,44.04,1663,1,3
one-two-three-v2_100,3,61,109,44.04,1030,1,4
one-two-three-v3_101,0,68,118,42.37,2027,1,1
one-two-three-v3_101,1,68,118,42.37,1581,1,2
one-two-three-v3_101,2,68,118,42.37,1313,1,3
one-two-three-v3_101,3,68,118,42.37,1091,1,4
plus63mod4096_163,0,94952,193120,50.83,8183,1,1
plus63mod4096_163,1,94948,193120,50.83,2251,0,
plus63mod4096_163,2,94948,193120,50.83,2228,0,
plus63mod4096_163,3,94948,193120,50.83,2253,0,
plus63mod8192_164,0,137956,280672,50.85,8178,1,1
plus63mod8192_164,1,137953,280672,50.85,2029,0,
plus63mod8192_164,2,137953,280672,50.85,2019,0,
plus63mod8192_164,3,137953,280672,50.85,2024,0,
pm1_249,0,1172,2776,57.78,4442,1,1
pm1_249,1,1177,2776,57.60,3944,1,2
pm1_249,2,1161,2776,58.18,4085,1,3
pm1_249,3,1161,2776,58.18,6314,1,4
portfolioqaoa_nativegates_ibm_tket_8,0,1451,6400,77.33,4232,1,1
portfolioqaoa_nativegates_ibm_tket_8,1,1451,6400,77.33,3721,1,2
portfolioqaoa_nativegates_ibm_tket_8,2,1451,6400,77.33,3496,1,3
portfolioqaoa_nativegates_ibm_tket_8,3,1451,6400,77.33,3766,1,4
portfoliovqe_nativegates_ibm_tket_8,0,760,2532,69.98,2818,1,1
portfoliovqe_nativegates_ibm_tket_8,1,760,2532,69.98,2535,1,2
portfoliovqe_nativegates_ibm_tket_8,2,760,2532,69.98,2443,1,3
portfoliovqe_nativegates_ibm_tket_8,3,760,2532,69.98,2307,1,4
qaoa_10,0,149,285,47.72,1863,1,1
qaoa_10,1,151,285,47.02,1778,1,2
qaoa_10,2,152,285,46.67,1517,1,3
qaoa_10,3,149,285,47.72,1355,1,4
qaoa_5,0,108,285,62.11,2214,1,1
qaoa_5,1,101,285,64.56,1752,1,2
qaoa_5,2,106,285,62.81,1521,1,3
qaoa_5,3,104,285,63.51,1326,1,4
qaoa_n10_p4,0,346,910,61.98,2539,1,1
qaoa_n10_p4,1,346,910,61.98,2171,1,2
qaoa_n10_p4,2,345,910,62.09,1945,1,3
qaoa_n10_p4,3,345,910,62.09,2062,1,4
qaoa_n14_p4,0,482,1274,62.17,2998,1,1
qaoa_n14_p4,1,481,1274,62.24,2352,1,2
qaoa_n14_p4,2,482,1274,62.17,2257,1,3
qaoa_n14_p4,3,482,1274,62.17,2740,1,4
qaoa_n20_p4,0,691,1820,62.03,3021,1,1
qaoa_n20_p4,1,692,1820,61.98,2671,1,2
qaoa_n20_p4,2,692,1820,61.98,2492,1,3
qaoa_n20_p4,3,692,1820,61.98,3653,1,4
qaoa_n30_p4,0,1041,2730,61.87,3142,1,1
qaoa_n30_p4,1,1038,2730,61.98,3063,1,2
qaoa_n30_p4,2,1039,2730,61.94,2952,1,3
qaoa_n30_p4,3,1042,2730,61.83,2693,0,
qaoa_n4_p4,0,124,364,65.93,2344,1,1
qaoa_n4_p4,1,122,364,66.48,1711,1,2
qaoa_n4_p4,2,124,364,65.93,1496,1,3
qaoa_n4_p4,3,125,364,65.66,1359,1,4
qaoa_n6_p4,0,198,546,63.74,2928,1,1
qaoa_n6_p4,1,195,546,64.29,2167,1,2
qaoa_n6_p4,2,201,546,63.19,1948,1,3
qaoa_n6_p4,3,202,546,63.00,1828,1,4
qaoa_n8_p4,0,272,728,62.64,2359,1,1
qaoa_n8_p4,1,271,728,62.77,1964,1,2
qaoa_n8_p4,2,272,728,62.64,1504,1,3
qaoa_n8_p4,3,271,728,62.77,1799,1,4
qaoa_nativegates_ibm_tket_8,0,287,1364,78.96,1902,1,1
qaoa_nativegates_ibm_tket_8,1,278,1364,79.62,1697,1,2
qaoa_nativegates_ibm_tket_8,2,292,1364,78.59,1437,1,3
qaoa_nativegates_ibm_tket_8,3,273,1364,79.99,1298,1,4
qcla_adder_10,0,410,521,21.31,2994,1,1
qcla_adder_10,1,412,521,20.92,2561,1,2
qcla_adder_10,2,410,521,21.31,2386,1,3
qcla_adder_10,3,412,521,20.92,2720,1,4
qcla_com_7,0,295,443,33.41,2881,1,1
qcla_com_7,1,295,443,33.41,2534,1,2
qcla_com_7,2,297,443,32.96,2084,1,3
qcla_com_7,3,296,443,33.18,2307,1,4
qcla_mod_7,0,682,884,22.85,3579,1,1
qcla_mod_7,1,674,884,23.76,3040,1,2
qcla_mod_7,2,672,884,23.98,3010,1,3
qcla_mod_7,3,674,884,23.76,4451,1,4
qe_qft_4,0,166,423,60.76,2066,1,1
qe_qft_4,1,166,423,60.76,1704,1,2
qe_qft_4,2,166,423,60.76,1450,1,3
qe_qft_4,3,166,423,60.76,1268,1,4
qe_qft_5,0,264,659,59.94,1842,1,1
qe_qft_5,1,264,659,59.94,1747,1,2
qe_qft_5,2,264,659,59.94,1588,1,3
qe_qft_5,3,264,659,59.94,1494,1,4
qft_10_quest,0,157,401,60.85,2431,1,1
qft_10_quest,1,157,401,60.85,1911,1,2
qft_10_quest,2,148,401,63.09,1672,1,3
qft_10_quest,3,157,401,60.85,1648,1,4
qft_20,0,605,5610,89.22,3287,1,1
qft_20,1,623,5610,88.89,2854,1,2
qft_20,2,622,5610,88.91,2666,1,3
qft_20,3,628,5610,88.81,2206,0,
qft_5,0,51,348,85.34,1805,1,1
qft_5,1,51,348,85.34,1442,1,2
qft_5,2,52,348,85.06,1081,1,3
qft_5,3,52,348,85.06,1027,1,4
qft_nativegates_ibm_tket_8,0,623,2574,75.80,2492,1,1
qft_nativegates_ibm_tket_8,1,623,2574,75.80,2245,1,2
qft_nativegates_ibm_tket_8,2,623,2574,75.80,2083,1,3
qft_nativegates_ibm_tket_8,3,623,2574,75.80,1999,1,4
qftentangled_nativegates_ibm_tket_8,0,683,2853,76.06,2543,1,1
qftentangled_nativegates_ibm_tket_8,1,683,2853,76.06,2340,1,2
qftentangled_nativegates_ibm_tket_8,2,683,2853,76.06,2222,1,3
qftentangled_nativegates_ibm_tket_8,3,683,2853,76.06,2082,1,4
qgan_nativegates_ibm_tket_8,0,280,928,69.83,1748,1,1
qgan_nativegates_ibm_tket_8,1,280,928,69.83,1521,1,2
qgan_nativegates_ibm_tket_8,2,280,928,69.83,1334,1,3
qgan_nativegates_ibm_tket_8,3,280,928,69.83,1075,1,4
qiskit-3_17_13,0,32,60,46.67,1349,1,1
qiskit-3_17_13,1,33,60,45.00,897,1,2
qiskit-3_17_13,2,33,60,45.00,675,1,3
qiskit-3_17_13,3,33,60,45.00,567,1,4
qiskit-alu-v0_26,0,66,132,50.00,2006,1,1
qiskit-alu-v0_26,1,66,132,50.00,1456,1,2
qiskit-alu-v0_26,2,66,132,50.00,1054,1,3
qiskit-alu-v0_26,3,66,132,50.00,993,1,4
qpeexact_nativegates_ibm_tket_8,0,601,2471,75.68,2569,1,1
qpeexact_nativegates_ibm_tket_8,1,601,2471,75.68,2202,1,2
qpeexact_nativegates_ibm_tket_8,2,601,2471,75.68,2101,1,3
qpeexact_nativegates_ibm_tket_8,3,601,2471,75.68,2022,1,4
qpeinexact_nativegates_ibm_tket_8,0,611,2531,75.86,2771,1,1
qpeinexact_nativegates_ibm_tket_8,1,611,2531,75.86,2421,1,2
qpeinexact_nativegates_ibm_tket_8,2,611,2531,75.86,2255,1,3
qpeinexact_nativegates_ibm_tket_8,3,611,2531,75.86,2104,1,4
radd_250,0,2055,4877,57.86,5651,1,1
radd_250,1,2073,4877,57.49,5561,1,2
radd_250,2,2026,4877,58.46,6200,1,3
radd_250,3,2014,4877,58.70,5945,0,
rc_adder_6,0,155,200,22.50,2682,1,1
rc_adder_6,1,155,200,22.50,1785,1,2
rc_adder_6,2,155,200,22.50,1742,1,3
rc_adder_6,3,155,200,22.50,1448,1,4
rd32-v0_66,0,18,50,64.00,1143,1,1
rd32-v0_66,1,18,50,64.00,370,1,2
rd32-v0_66,2,19,50,62.00,43,139,141
rd32-v0_66,3,19,50,62.00,46,136,139
rd32-v1_68,0,28,68,58.82,1812,1,1
rd32-v1_68,1,28,68,58.82,584,1,2
rd32-v1_68,2,28,68,58.82,270,1,3
rd32-v1_68,3,28,68,58.82,243,1,4
rd32_270,0,59,148,60.14,1836,1,1
rd32_270,1,56,148,62.16,1404,1,2
rd32_270,2,57,148,61.49,1160,1,3
rd32_270,3,57,148,61.49,989,1,4
rd53_130,0,756,1707,55.71,4057,1,1
rd53_130,1,750,1707,56.06,3333,1,2
rd53_130,2,749,1707,56.12,3075,1,3
rd53_130,3,750,1707,56.06,4228,1,4
rd53_131,0,350,829,57.78,2927,1,1
rd53_131,1,349,829,57.90,2606,1,2
rd53_131,2,352,829,57.54,2215,1,3
rd53_131,3,351,829,57.66,2045,1,4
rd53_133,0,336,868,61.29,3225,1,1
rd53_133,1,337,868,61.18,2429,1,2
rd53_133,2,336,868,61.29,2359,1,3
rd53_133,3,336,868,61.29,2465,1,4
rd53_135,0,191,440,56.59,2727,1,1
rd53_135,1,191,440,56.59,2184,1,2
rd53_135,2,191,440,56.59,1924,1,3
rd53_135,3,192,440,56.36,1846,1,4
rd53_138,0,94,196,52.04,2573,1,1
rd53_138,1,94,196,52.04,1984,1,2
rd53_138,2,94,196,52.04,1722,1,3
rd53_138,3,94,196,52.04,1372,1,4
rd53_251,0,838,1987,57.83,4177,1,1
rd53_251,1,843,1987,57.57,3458,1,2
rd53_251,2,836,1987,57.93,3364,1,3
rd53_251,3,840,1987,57.73,4815,1,4
rd53_311,0,229,459,50.11,2926,1,1
rd53_311,1,224,459,51.20,2347,1,2
rd53_311,2,226,459,50.76,2036,1,3
rd53_311,3,228,459,50.33,1859,1,4
rd73_140,0,168,342,50.88,2688,1,1
rd73_140,1,168,342,50.88,2180,1,2
rd73_140,2,168,342,50.88,1863,1,3
rd73_140,3,168,342,50.88,1841,1,4
rd73_252,0,3535,8153,56.64,7833,1,1
rd73_252,1,3609,8153,55.73,7822,1,2
rd73_252,2,3389,8153,58.43,8183,1,3
rd73_252,3,3389,8153,58.43,5181,0,
rd84_142,0,263,511,48.53,2764,1,1
rd84_142,1,264,511,48.34,2497,1,2
rd84_142,2,264,511,48.34,2177,1,3
rd84_142,3,264,511,48.34,2301,1,4
rd84_253,0,10218,20778,50.82,8183,1,1
rd84_253,1,9524,20778,54.16,4531,0,
rd84_253,2,9524,20778,54.16,4542,0,
rd84_253,3,9524,20778,54.16,4506,0,
root_255,0,12767,26007,50.91,8183,1,1
root_255,1,12266,26007,52.84,3583,0,
root_255,2,12083,26007,53.54,3818,0,
root_255,3,11878,26007,54.33,4496,0,
sao2_257,0,28781,58105,50.47,8183,1,1
sao2_257,1,28793,58105,50.45,3531,0,
sao2_257,2,28793,58105,50.45,3451,0,
sao2_257,3,28793,58105,50.45,3089,0,
sf_274,0,554,1269,56.34,3690,1,1
sf_274,1,555,1269,56.26,3102,1,2
sf_274,2,554,1269,56.34,2840,1,3
sf_274,3,552,1269,56.50,3186,1,4
sf_276,0,546,1242,56.04,3634,1,1
sf_276,1,548,1242,55.88,2869,1,2
sf_276,2,544,1242,56.20,2785,1,3
sf_276,3,548,1242,55.88,3256,1,4
shor_15_7,0,31098,36598,15.03,8183,1,1
shor_15_7,1,31100,36598,15.02,3382,0,
shor_15_7,2,31100,36598,15.02,3428,0,
shor_15_7,3,31100,36598,15.02,3473,0,
sqn_258,0,7751,15567,50.21,8183,1,1
sqn_258,1,7299,15567,53.11,8183,1,2
sqn_258,2,7295,15567,53.14,4904,0,
sqn_258,3,7295,15567,53.14,4805,0,
sqrt8_260,0,1949,4601,57.64,5568,1,1
sqrt8_260,1,1963,4601,57.34,5228,1,2
sqrt8_260,2,1934,4601,57.97,5736,1,3
sqrt8_260,3,1928,4601,58.10,5740,0,
squar5_261,0,1241,3049,59.30,4608,1,1
squar5_261,1,1238,3049,59.40,4199,1,2
squar5_261,2,1222,3049,59.92,4007,1,3
squar5_261,3,1223,3049,59.89,7747,1,4
square_root_7,0,4483,13330,66.37,8182,1,1
square_root_7,1,4499,13330,66.25,8183,1,2
square_root_7,2,4582,13330,65.63,4280,0,
square_root_7,3,4582,13330,65.63,4682,0,
sym10_262,0,48015,97107,50.55,8183,1,1
sym10_262,1,48024,97107,50.55,2866,0,
sym10_262,2,48024,97107,50.55,2844,0,
sym10_262,3,48024,97107,50.55,2828,0,
sym6_145,0,2428,5832,58.37,6163,1,1
sym6_145,1,2421,5832,58.49,6134,1,2
sym6_145,2,2376,5832,59.26,6989,1,3
sym6_145,3,2343,5832,59.83,6709,0,
sym6_316,0,209,422,50.47,3055,1,1
sym6_316,1,209,422,50.47,2458,1,2
sym6_316,2,207,422,50.95,2092,1,3
sym6_316,3,207,422,50.95,1956,1,4
sym9_146,0,254,488,47.95,3631,1,1
sym9_146,1,254,488,47.95,2189,1,2
sym9_146,2,254,488,47.95,2457,1,3
sym9_146,3,255,488,47.75,2433,1,4
sym9_148,0,15414,32256,52.21,8183,1,1
sym9_148,1,15416,32256,52.21,3060,0,
sym9_148,2,14751,32256,54.27,3626,0,
sym9_148,3,14751,32256,54.27,3564,0,
sym9_193,0,26101,52809,50.57,8183,1,1
sym9_193,1,26103,52809,50.57,3528,0,
sym9_193,2,26103,52809,50.57,2807,0,
sym9_193,3,26103,52809,50.57,3503,0,
sys6-v0_111,0,164,319,48.59,2655,1,1
sys6-v0_111,1,165,319,48.28,2111,1,2
sys6-v0_111,2,164,319,48.59,1709,1,3
sys6-v0_111,3,164,319,48.59,1704,1,4
tof_10,0,215,255,15.69,2863,1,1
tof_10,1,215,255,15.69,2461,1,2
tof_10,2,215,255,15.69,2203,1,3
tof_10,3,215,255,15.69,2078,1,4
tof_3,0,40,45,11.11,1689,1,1
tof_3,1,40,45,11.11,838,1,2
tof_3,2,40,45,11.11,692,1,3
tof_3,3,38,45,15.56,643,1,4
tof_4,0,65,75,13.33,1915,1,1
tof_4,1,65,75,13.33,1390,1,2
tof_4,2,65,75,13.33,1199,1,3
tof_4,3,65,75,13.33,953,1,4
tof_5,0,90,105,14.29,2339,1,1
tof_5,1,90,105,14.29,1703,1,2
tof_5,2,90,105,14.29,1441,1,3
tof_5,3,90,105,14.29,1241,1,4
urf1_149,0,134177,277296,51.61,8177,1,1
urf1_149,1,134175,277296,51.61,1984,0,
urf1_149,2,134175,277296,51.61,2007,0,
urf1_149,3,134175,277296,51.61,2095,0,
urf1_278,0,47229,82494,42.75,8182,1,1
urf1_278,1,47230,82494,42.75,2771,0,
urf1_278,2,47230,82494,42.75,2813,0,
urf1_278,3,47230,82494,42.75,2821,0,
urf2_152,0,59350,120720,50.84,8182,1,1
urf2_152,1,59350,120720,50.84,2741,0,
urf2_152,2,59350,120720,50.84,2503,0,
urf2_152,3,59350,120720,50.84,2584,0,
urf2_277,0,18064,30016,39.82,8183,1,1
urf2_277,1,18008,30016,40.01,3760,0,
urf2_277,2,18008,30016,40.01,3827,0,
urf2_277,3,18008,30016,40.01,3013,0,
urf3_155,0,303850,635232,52.17,8174,1,1
urf3_155,1,303850,635232,52.17,2103,0,
urf3_155,2,303850,635232,52.17,2124,0,
urf3_155,3,303850,635232,52.17,2124,0,
urf3_279,0,107083,189986,43.64,8182,1,1
urf3_279,1,107082,189986,43.64,2132,0,
urf3_279,2,107082,189986,43.64,2070,0,
urf3_279,3,107082,189986,43.64,2084,0,
urf4_187,0,373412,768096,51.38,8177,1,1
urf4_187,1,373409,768096,51.39,2374,0,
urf4_187,2,373409,768096,51.39,2374,0,
urf4_187,3,373409,768096,51.39,2355,0,
urf5_158,0,117595,246624,52.32,8182,1,1
urf5_158,1,117591,246624,52.32,2088,0,
urf5_158,2,117591,246624,52.32,2047,0,
urf5_158,3,117591,246624,52.32,2094,0,
urf5_280,0,42462,75309,43.62,8182,1,1
urf5_280,1,42464,75309,43.61,2955,0,
urf5_280,2,42464,75309,43.61,2965,0,
urf5_280,3,42464,75309,43.61,3118,0,
urf6_160,0,117586,257760,54.38,8183,1,1
urf6_160,1,117589,257760,54.38,2098,0,
urf6_160,2,117589,257760,54.38,2102,0,
urf6_160,3,117589,257760,54.38,2062,0,
vbe_adder_3,0,83,150,44.67,2311,1,1
vbe_adder_3,1,83,150,44.67,1787,1,2
vbe_adder_3,2,85,150,43.33,1234,1,3
vbe_adder_3,3,85,150,43.33,964,1,4
vqe_4,0,375,857,56.24,2774,1,1
vqe_4,1,376,857,56.13,2307,1,2
vqe_4,2,375,857,56.24,2017,1,3
vqe_4,3,375,857,56.24,2050,1,4
vqe_nativegates_ibm_tket_8,0,204,703,70.98,1516,1,1
vqe_nativegates_ibm_tket_8,1,204,703,70.98,1227,1,2
vqe_nativegates_ibm_tket_8,2,204,703,70.98,1042,1,3
vqe_nativegates_ibm_tket_8,3,204,703,70.98,1014,1,4
vqe_uccsd_n4,0,297,892,66.70,2559,1,1
vqe_uccsd_n4,1,291,892,67.38,2030,1,2
vqe_uccsd_n4,2,291,892,67.38,1804,1,3
vqe_uccsd_n4,3,306,892,65.70,1794,1,4
vqe_uccsd_n6,0,3101,8762,64.61,6367,1,1
vqe_uccsd_n6,1,3078,8762,64.87,6239,1,2
vqe_uccsd_n6,2,3112,8762,64.48,7163,1,3
vqe_uccsd_n6,3,3261,8762,62.78,5537,0,
vqe_uccsd_n8,0,15126,39032,61.25,8182,1,1
vqe_uccsd_n8,1,15113,39032,61.28,4771,0,
vqe_uccsd_n8,2,15113,39032,61.28,4782,0,
vqe_uccsd_n8,3,15113,39032,61.28,4843,0,
wim_266,0,659,1554,57.59,3642,1,1
wim_266,1,659,1554,57.59,3172,1,2
wim_266,2,652,1554,58.04,2974,1,3
wim_266,3,651,1554,58.11,3979,1,4
xor5_254,0,7,23,69.57,918,1,1
xor5_254,1,15,23,34.78,45,205,206
xor5_254,2,15,23,34.78,46,202,204
xor5_254,3,15,23,34.78,46,202,205
z4_268,0,2026,4689,56.79,5305,1,1
z4_268,1,2022,4689,56.88,5068,1,2
z4_268,2,1976,4689,57.86,5818,1,3
z4_268,3,1973,4689,57.92,5257,0,
