source,circuit,orig_total,orig_cx,opt_total,opt_cx,total_reduction_pct,cx_reduction_pct,peak_rss_mb,status,total_t10,cx_t10,total_t30,cx_t30,total_t60,cx_t60,total_t120,cx_t120,total_t180,cx_t180,total_t240,cx_t240,total_t360,cx_t360,total_t480,cx_t480,total_t600,cx_t600,total_t900,cx_t900,total_t1200,cx_t1200,total_t1800,cx_t1800,total_t2400,cx_t2400,total_t3000,cx_t3000,total_t3600,cx_t3600
nam,adder_8,900,409,510,244,43.33,40.34,2654.0,OK,585.0,290,582.0,287,544.0,269,525.0,257,525.0,257,523.0,255,523.0,255,517.0,249,517.0,249,516.0,248,512.0,246,511.0,245,510.0,244,510.0,244,510.0,244
nam,barenco_tof_3,58,24,36,14,37.93,41.67,582.0,OK,38.0,16,38.0,16,38.0,16,38.0,16,38.0,16,38.0,16,38.0,16,38.0,16,38.0,16,38.0,16,38.0,16,38.0,16,36.0,14,36.0,14,36.0,14
nam,barenco_tof_4,114,48,62,24,45.61,50.00,1204.0,OK,71.0,33,70.0,32,70.0,32,70.0,32,68.0,30,68.0,30,68.0,30,68.0,30,62.0,24,62.0,24,62.0,24,62.0,24,62.0,24,62.0,24,62.0,24
nam,barenco_tof_5,170,72,94,40,44.71,44.44,1490.0,OK,100.0,46,98.0,44,95.0,41,94.0,40,94.0,40,94.0,40,94.0,40,94.0,40,94.0,40,94.0,40,94.0,40,94.0,40,94.0,40,94.0,40,94.0,40
nam,barenco_tof_10,450,192,238,104,47.11,45.83,2356.0,OK,264.0,130,258.0,124,257.0,123,255.0,121,250.0,116,250.0,116,250.0,116,249.0,115,248.0,114,244.0,110,244.0,110,242.0,108,242.0,108,238.0,104,238.0,104
nam,csla_mux_3,170,80,142,65,16.47,18.75,1904.0,OK,149.0,72,147.0,70,147.0,70,147.0,70,147.0,70,147.0,70,147.0,70,147.0,70,147.0,70,146.0,69,143.0,66,143.0,66,143.0,66,143.0,66,142.0,65
nam,csum_mux_9,420,168,280,140,33.33,16.67,2030.0,OK,280.0,140,280.0,140,280.0,140,280.0,140,280.0,140,280.0,140,280.0,140,280.0,140,280.0,140,280.0,140,280.0,140,280.0,140,280.0,140,280.0,140,280.0,140
nam,gf2^4_mult,225,99,168,87,25.33,12.12,1958.0,OK,173.0,92,173.0,92,173.0,92,173.0,92,172.0,91,172.0,91,170.0,89,169.0,88,169.0,88,169.0,88,169.0,88,169.0,88,169.0,88,168.0,87,168.0,87
nam,gf2^5_mult,347,154,264,139,23.92,9.74,2276.0,OK,265.0,140,265.0,140,265.0,140,265.0,140,265.0,140,264.0,139,264.0,139,264.0,139,264.0,139,264.0,139,264.0,139,264.0,139,264.0,139,264.0,139,264.0,139
nam,gf2^6_mult,495,221,368,198,25.66,10.41,2494.0,OK,370.0,200,370.0,200,370.0,200,370.0,200,370.0,200,370.0,200,370.0,200,370.0,200,370.0,200,370.0,200,369.0,199,368.0,198,368.0,198,368.0,198,368.0,198
nam,gf2^7_mult,669,300,499,268,25.41,10.67,3346.0,OK,500.0,269,500.0,269,500.0,269,500.0,269,500.0,269,500.0,269,500.0,269,500.0,269,500.0,269,500.0,269,500.0,269,500.0,269,500.0,269,499.0,268,499.0,268
nam,gf2^8_mult,883,405,650,363,26.39,10.37,3202.0,OK,706.0,405,663.0,362,663.0,362,663.0,362,660.0,359,660.0,359,660.0,359,660.0,359,660.0,359,660.0,359,655.0,368,653.0,366,651.0,364,651.0,364,650.0,363
nam,gf2^9_mult,1095,494,805,436,26.48,11.74,3438.0,OK,863.0,494,805.0,436,805.0,436,805.0,436,805.0,436,805.0,436,805.0,436,805.0,436,805.0,436,805.0,436,805.0,436,805.0,436,805.0,436,805.0,436,805.0,436
nam,gf2^10_mult,1347,609,972,536,27.84,11.99,3914.0,OK,1045.0,609,1045.0,609,972.0,536,972.0,536,972.0,536,972.0,536,972.0,536,972.0,536,972.0,536,972.0,536,972.0,536,972.0,536,972.0,536,972.0,536,972.0,536
nam,hwb6,259,116,192,87,25.87,25.00,1952.0,OK,201.0,96,198.0,93,195.0,90,193.0,88,193.0,88,193.0,88,192.0,87,192.0,87,192.0,87,192.0,87,192.0,87,192.0,87,192.0,87,192.0,87,192.0,87
nam,ham15-low,443,236,324,186,26.86,21.19,1498.0,OK,334.0,196,334.0,196,334.0,196,332.0,194,332.0,194,332.0,194,330.0,192,329.0,191,329.0,191,329.0,191,328.0,190,328.0,190,326.0,188,325.0,187,324.0,186
nam,mod5_4,63,28,24,13,61.90,53.57,792.0,OK,27.0,16,25.0,14,24.0,13,24.0,13,24.0,13,24.0,13,24.0,13,24.0,13,24.0,13,24.0,13,24.0,13,24.0,13,24.0,13,24.0,13,24.0,13
nam,mod_mult_55,119,48,86,38,27.73,20.83,1264.0,OK,86.0,38,86.0,38,86.0,38,86.0,38,86.0,38,86.0,38,86.0,38,86.0,38,86.0,38,86.0,38,86.0,38,86.0,38,86.0,38,86.0,38,86.0,38
nam,mod_red_21,278,105,178,75,35.97,28.57,1868.0,OK,180.0,77,180.0,77,180.0,77,180.0,77,180.0,77,178.0,75,178.0,75,178.0,75,178.0,75,178.0,75,178.0,75,178.0,75,178.0,75,178.0,75,178.0,75
nam,qcla_adder_10,521,233,387,172,25.72,26.18,2392.0,OK,392.0,177,392.0,177,392.0,177,392.0,177,392.0,177,391.0,176,391.0,176,389.0,174,388.0,173,388.0,173,388.0,173,388.0,173,387.0,172,387.0,172,387.0,172
nam,qcla_com_7,443,186,254,117,42.66,37.10,2226.0,OK,258.0,121,258.0,121,258.0,121,257.0,120,255.0,118,255.0,118,255.0,118,255.0,118,255.0,118,254.0,117,254.0,117,254.0,117,254.0,117,254.0,117,254.0,117
nam,qcla_mod_7,884,382,614,275,30.54,28.01,2814.0,OK,627.0,288,627.0,288,627.0,288,622.0,283,622.0,283,622.0,283,622.0,283,622.0,283,622.0,283,622.0,283,622.0,283,618.0,279,616.0,277,614.0,275,614.0,275
nam,rc_adder_6,200,93,152,71,24.00,23.66,1754.0,OK,152.0,71,152.0,71,152.0,71,152.0,71,152.0,71,152.0,71,152.0,71,152.0,71,152.0,71,152.0,71,152.0,71,152.0,71,152.0,71,152.0,71,152.0,71
nam,tof_3,45,18,35,14,22.22,22.22,152.0,OK,35.0,14,35.0,14,35.0,14,35.0,14,35.0,14,35.0,14,35.0,14,35.0,14,35.0,14,35.0,14,35.0,14,35.0,14,35.0,14,35.0,14,35.0,14
nam,tof_4,75,30,53,20,29.33,33.33,708.0,OK,55.0,22,55.0,22,55.0,22,55.0,22,55.0,22,55.0,22,55.0,22,55.0,22,55.0,22,55.0,22,55.0,22,53.0,20,53.0,20,53.0,20,53.0,20
nam,tof_5,105,42,69,24,34.29,42.86,1230.0,OK,75.0,30,75.0,30,75.0,30,75.0,30,75.0,30,75.0,30,73.0,28,73.0,28,73.0,28,71.0,26,69.0,24,69.0,24,69.0,24,69.0,24,69.0,24
nam_rm,adder_8,732,409,515,247,29.64,39.61,2704.0,OK,583.0,288,580.0,285,542.0,267,528.0,257,519.0,251,517.0,249,516.0,248,516.0,248,516.0,248,516.0,248,516.0,248,515.0,247,515.0,247,515.0,247,515.0,247
nam_rm,barenco_tof_3,46,24,36,14,21.74,41.67,592.0,OK,38.0,16,38.0,16,38.0,16,38.0,16,38.0,16,38.0,16,38.0,16,38.0,16,38.0,16,38.0,16,38.0,16,38.0,16,36.0,14,36.0,14,36.0,14
nam_rm,barenco_tof_4,86,48,62,24,27.91,50.00,1220.0,OK,72.0,34,70.0,32,68.0,30,68.0,30,68.0,30,68.0,30,68.0,30,64.0,26,64.0,26,64.0,26,64.0,26,62.0,24,62.0,24,62.0,24,62.0,24
nam_rm,barenco_tof_5,126,72,94,40,25.40,44.44,1496.0,OK,104.0,50,99.0,45,96.0,42,96.0,42,94.0,40,94.0,40,94.0,40,94.0,40,94.0,40,94.0,40,94.0,40,94.0,40,94.0,40,94.0,40,94.0,40
nam_rm,barenco_tof_10,326,192,241,107,26.07,44.27,2364.0,OK,264.0,130,264.0,130,264.0,130,254.0,120,246.0,112,246.0,112,246.0,112,246.0,112,246.0,112,246.0,112,246.0,112,245.0,111,245.0,111,242.0,108,241.0,107
nam_rm,csla_mux_3,164,80,141,64,14.02,20.00,1858.0,OK,149.0,72,149.0,72,148.0,71,148.0,71,147.0,70,147.0,70,146.0,69,144.0,67,143.0,66,143.0,66,143.0,66,143.0,66,143.0,66,141.0,64,141.0,64
nam_rm,csum_mux_9,308,168,232,120,24.68,28.57,2454.0,OK,252.0,140,252.0,140,252.0,140,250.0,138,249.0,137,247.0,135,247.0,135,244.0,132,242.0,130,239.0,127,238.0,126,238.0,126,237.0,125,233.0,121,232.0,120
nam_rm,gf2^4_mult,186,99,168,87,9.68,12.12,1964.0,OK,173.0,92,173.0,92,172.0,91,171.0,90,170.0,89,170.0,89,170.0,89,170.0,89,170.0,89,170.0,89,169.0,88,169.0,88,169.0,88,169.0,88,168.0,87
nam_rm,gf2^5_mult,287,154,263,138,8.36,10.39,2344.0,OK,265.0,140,265.0,140,265.0,140,265.0,140,265.0,140,265.0,140,265.0,140,265.0,140,265.0,140,265.0,140,264.0,139,264.0,139,263.0,138,263.0,138,263.0,138
nam_rm,gf2^6_mult,401,221,366,196,8.73,11.31,2576.0,OK,370.0,200,370.0,200,370.0,200,370.0,200,369.0,199,369.0,199,369.0,199,369.0,199,369.0,199,369.0,199,369.0,199,368.0,198,367.0,197,366.0,196,366.0,196
nam_rm,gf2^7_mult,543,300,496,265,8.66,11.67,3184.0,OK,500.0,269,500.0,269,500.0,269,500.0,269,500.0,269,500.0,269,500.0,269,500.0,269,500.0,269,499.0,268,498.0,267,496.0,265,496.0,265,496.0,265,496.0,265
nam_rm,gf2^8_mult,703,405,649,365,7.68,9.88,3264.0,OK,702.0,404,660.0,362,660.0,362,660.0,362,657.0,359,657.0,359,657.0,359,655.0,371,653.0,369,650.0,366,649.0,365,649.0,365,649.0,365,649.0,365,649.0,365
nam_rm,gf2^9_mult,879,494,805,436,8.42,11.74,3510.0,OK,863.0,494,805.0,436,805.0,436,805.0,436,805.0,436,805.0,436,805.0,436,805.0,436,805.0,436,805.0,436,805.0,436,805.0,436,805.0,436,805.0,436,805.0,436
nam_rm,gf2^10_mult,1062,609,971,536,8.57,11.99,3842.0,OK,1044.0,609,1044.0,609,971.0,536,971.0,536,971.0,536,971.0,536,971.0,536,971.0,536,971.0,536,971.0,536,971.0,536,971.0,536,971.0,536,971.0,536,971.0,536
nam_rm,hwb6,237,116,191,86,19.41,25.86,2024.0,OK,201.0,96,200.0,95,199.0,94,197.0,92,197.0,92,196.0,91,196.0,91,196.0,91,195.0,90,194.0,89,193.0,88,192.0,87,192.0,87,191.0,86,191.0,86
nam_rm,ham15-low,395,236,328,190,16.96,19.49,1472.0,OK,334.0,196,334.0,196,334.0,196,332.0,194,332.0,194,332.0,194,329.0,191,329.0,191,329.0,191,328.0,190,328.0,190,328.0,190,328.0,190,328.0,190,328.0,190
nam_rm,mod5_4,51,28,24,13,52.94,53.57,782.0,OK,27.0,16,25.0,14,24.0,13,24.0,13,24.0,13,24.0,13,24.0,13,24.0,13,24.0,13,24.0,13,24.0,13,24.0,13,24.0,13,24.0,13,24.0,13
nam_rm,mod_mult_55,105,48,84,37,20.00,22.92,1218.0,OK,84.0,37,84.0,37,84.0,37,84.0,37,84.0,37,84.0,37,84.0,37,84.0,37,84.0,37,84.0,37,84.0,37,84.0,37,84.0,37,84.0,37,84.0,37
nam_rm,mod_red_21,236,105,176,73,25.42,30.48,1842.0,OK,180.0,77,180.0,77,178.0,75,178.0,75,178.0,75,178.0,75,176.0,73,176.0,73,176.0,73,176.0,73,176.0,73,176.0,73,176.0,73,176.0,73,176.0,73
nam_rm,qcla_adder_10,450,233,387,172,14.00,26.18,2288.0,OK,392.0,177,392.0,177,392.0,177,392.0,177,392.0,177,391.0,176,390.0,175,390.0,175,390.0,175,389.0,174,388.0,173,387.0,172,387.0,172,387.0,172,387.0,172
nam_rm,qcla_com_7,349,186,254,117,27.22,37.10,2220.0,OK,258.0,121,258.0,121,258.0,121,257.0,120,256.0,119,255.0,118,255.0,118,255.0,118,254.0,117,254.0,117,254.0,117,254.0,117,254.0,117,254.0,117,254.0,117
nam_rm,qcla_mod_7,727,382,610,271,16.09,29.06,2930.0,OK,627.0,288,627.0,288,627.0,288,622.0,283,622.0,283,622.0,283,622.0,283,622.0,283,622.0,283,622.0,283,620.0,281,612.0,273,611.0,272,610.0,271,610.0,271
nam_rm,rc_adder_6,174,93,144,71,17.24,23.66,1638.0,OK,144.0,71,144.0,71,144.0,71,144.0,71,144.0,71,144.0,71,144.0,71,144.0,71,144.0,71,144.0,71,144.0,71,144.0,71,144.0,71,144.0,71,144.0,71
nam_rm,tof_3,39,18,35,14,10.26,22.22,156.0,OK,35.0,14,35.0,14,35.0,14,35.0,14,35.0,14,35.0,14,35.0,14,35.0,14,35.0,14,35.0,14,35.0,14,35.0,14,35.0,14,35.0,14,35.0,14
nam_rm,tof_4,63,30,53,20,15.87,33.33,696.0,OK,55.0,22,55.0,22,55.0,22,55.0,22,55.0,22,55.0,22,55.0,22,55.0,22,55.0,22,55.0,22,55.0,22,53.0,20,53.0,20,53.0,20,53.0,20
nam_rm,tof_5,87,42,69,24,20.69,42.86,1174.0,OK,75.0,30,75.0,30,75.0,30,75.0,30,75.0,30,75.0,30,73.0,28,73.0,28,73.0,28,71.0,26,69.0,24,69.0,24,69.0,24,69.0,24,69.0,24
nam_rm,tof_10,207,102,167,62,19.32,39.22,1880.0,OK,175.0,70,175.0,70,175.0,70,175.0,70,175.0,70,174.0,69,173.0,68,173.0,68,171.0,66,171.0,66,171.0,66,171.0,66,169.0,64,169.0,64,167.0,62
nam_rm,vbe_adder_3,115,70,75,36,34.78,48.57,1356.0,OK,76.0,37,76.0,37,75.0,36,75.0,36,75.0,36,75.0,36,75.0,36,75.0,36,75.0,36,75.0,36,75.0,36,75.0,36,75.0,36,75.0,36,75.0,36
guoq,0410184_169,363,104,199,79,45.18,24.04,1938.0,OK,209.0,89,209.0,89,202.0,82,202.0,82,199.0,79,199.0,79,199.0,79,199.0,79,199.0,79,199.0,79,199.0,79,199.0,79,199.0,79,199.0,79,199.0,79
guoq,3_17_13,60,17,33,11,45.00,35.29,646.0,OK,33.0,11,33.0,11,33.0,11,33.0,11,33.0,11,33.0,11,33.0,11,33.0,11,33.0,11,33.0,11,33.0,11,33.0,11,33.0,11,33.0,11,33.0,11
guoq,4_49_16,329,99,158,64,51.98,35.35,1740.0,OK,168.0,74,163.0,69,160.0,66,159.0,65,159.0,65,159.0,65,159.0,65,158.0,64,158.0,64,158.0,64,158.0,64,158.0,64,158.0,64,158.0,64,158.0,64
guoq,4gt10-v1_81,228,66,112,44,50.88,33.33,1470.0,OK,115.0,47,114.0,46,114.0,46,114.0,46,114.0,46,114.0,46,113.0,45,113.0,45,113.0,45,112.0,44,112.0,44,112.0,44,112.0,44,112.0,44,112.0,44
guoq,4gt11_83,31,14,19,10,38.71,28.57,360.0,OK,19.0,10,19.0,10,19.0,10,19.0,10,19.0,10,19.0,10,19.0,10,19.0,10,19.0,10,19.0,10,19.0,10,19.0,10,19.0,10,19.0,10,19.0,10
guoq,4gt11_84,26,9,17,8,34.62,11.11,16.0,OK,17.0,8,17.0,8,17.0,8,17.0,8,17.0,8,17.0,8,17.0,8,17.0,8,17.0,8,17.0,8,17.0,8,17.0,8,17.0,8,17.0,8,17.0,8
guoq,4gt12-v0_86,371,116,165,76,55.53,34.48,1700.0,OK,169.0,80,168.0,79,167.0,78,166.0,77,165.0,76,165.0,76,165.0,76,165.0,76,165.0,76,165.0,76,165.0,76,165.0,76,165.0,76,165.0,76,165.0,76
guoq,4gt12-v0_87,367,112,161,72,56.13,35.71,1780.0,OK,168.0,79,167.0,78,165.0,76,165.0,76,165.0,76,163.0,74,163.0,74,163.0,74,163.0,74,163.0,74,163.0,74,161.0,72,161.0,72,161.0,72,161.0,72
guoq,4gt12-v0_88,290,86,139,61,52.07,29.07,1664.0,OK,140.0,62,140.0,62,140.0,62,140.0,62,140.0,62,140.0,62,140.0,62,140.0,62,140.0,62,140.0,62,140.0,62,139.0,61,139.0,61,139.0,61,139.0,61
guoq,4gt12-v1_89,356,100,163,70,54.21,30.00,1710.0,OK,165.0,72,165.0,72,165.0,72,165.0,72,164.0,71,163.0,70,163.0,70,163.0,70,163.0,70,163.0,70,163.0,70,163.0,70,163.0,70,163.0,70,163.0,70
guoq,4gt13-v1_93,116,30,59,21,49.14,30.00,964.0,OK,59.0,21,59.0,21,59.0,21,59.0,21,59.0,21,59.0,21,59.0,21,59.0,21,59.0,21,59.0,21,59.0,21,59.0,21,59.0,21,59.0,21,59.0,21
guoq,4gt13_90,155,53,63,29,59.35,45.28,1268.0,OK,67.0,33,66.0,32,66.0,32,65.0,31,65.0,31,65.0,31,65.0,31,65.0,31,65.0,31,65.0,31,65.0,31,64.0,30,63.0,29,63.0,29,63.0,29
guoq,4gt13_91,151,49,59,25,60.93,48.98,1780.0,OK,64.0,30,64.0,30,62.0,28,59.0,25,59.0,25,59.0,25,59.0,25,59.0,25,59.0,25,59.0,25,59.0,25,59.0,25,59.0,25,59.0,25,59.0,25
guoq,4gt13_92,98,30,50,22,48.98,26.67,868.0,OK,50.0,22,50.0,22,50.0,22,50.0,22,50.0,22,50.0,22,50.0,22,50.0,22,50.0,22,50.0,22,50.0,22,50.0,22,50.0,22,50.0,22,50.0,22
guoq,4gt4-v0_72,394,113,166,72,57.87,36.28,1814.0,OK,167.0,73,167.0,73,167.0,73,167.0,73,167.0,73,167.0,73,167.0,73,167.0,73,167.0,73,167.0,73,167.0,73,167.0,73,167.0,73,166.0,72,166.0,72
guoq,4gt4-v0_73,587,179,242,111,58.77,37.99,2808.0,OK,265.0,134,248.0,117,247.0,116,247.0,116,247.0,116,247.0,116,245.0,114,244.0,113,243.0,112,243.0,112,243.0,112,242.0,111,242.0,111,242.0,111,242.0,111
guoq,4gt4-v0_78,347,109,158,73,54.47,33.03,1796.0,OK,161.0,76,161.0,76,159.0,74,159.0,74,159.0,74,159.0,74,159.0,74,159.0,74,159.0,74,158.0,73,158.0,73,158.0,73,158.0,73,158.0,73,158.0,73
guoq,4gt4-v0_79,343,105,156,71,54.52,32.38,1766.0,OK,158.0,73,158.0,73,156.0,71,156.0,71,156.0,71,156.0,71,156.0,71,156.0,71,156.0,71,156.0,71,156.0,71,156.0,71,156.0,71,156.0,71,156.0,71
guoq,4gt4-v0_80,275,79,133,57,51.64,27.85,1564.0,OK,134.0,58,134.0,58,134.0,58,134.0,58,134.0,58,134.0,58,134.0,58,133.0,57,133.0,57,133.0,57,133.0,57,133.0,57,133.0,57,133.0,57,133.0,57
guoq,4gt4-v1_74,417,119,200,85,52.04,28.57,1904.0,OK,203.0,88,203.0,88,203.0,88,203.0,88,201.0,86,201.0,86,201.0,86,201.0,86,201.0,86,201.0,86,201.0,86,201.0,86,200.0,85,200.0,85,200.0,85
guoq,4gt5_76,131,46,59,28,54.96,39.13,1666.0,OK,63.0,32,61.0,30,59.0,28,59.0,28,59.0,28,59.0,28,59.0,28,59.0,28,59.0,28,59.0,28,59.0,28,59.0,28,59.0,28,59.0,28,59.0,28
guoq,4gt5_77,203,58,99,40,51.23,31.03,1516.0,OK,99.0,40,99.0,40,99.0,40,99.0,40,99.0,40,99.0,40,99.0,40,99.0,40,99.0,40,99.0,40,99.0,40,99.0,40,99.0,40,99.0,40,99.0,40
guoq,4mod5-bdd_287,126,31,66,23,47.62,25.81,1102.0,OK,66.0,23,66.0,23,66.0,23,66.0,23,66.0,23,66.0,23,66.0,23,66.0,23,66.0,23,66.0,23,66.0,23,66.0,23,66.0,23,66.0,23,66.0,23
guoq,4mod5-v0_18,117,31,40,13,65.81,58.06,1202.0,OK,40.0,13,40.0,13,40.0,13,40.0,13,40.0,13,40.0,13,40.0,13,40.0,13,40.0,13,40.0,13,40.0,13,40.0,13,40.0,13,40.0,13,40.0,13
guoq,4mod5-v0_19,59,16,30,12,49.15,25.00,530.0,OK,30.0,12,30.0,12,30.0,12,30.0,12,30.0,12,30.0,12,30.0,12,30.0,12,30.0,12,30.0,12,30.0,12,30.0,12,30.0,12,30.0,12,30.0,12
guoq,4mod5-v0_20,36,10,21,7,41.67,30.00,316.0,OK,21.0,7,21.0,7,21.0,7,21.0,7,21.0,7,21.0,7,21.0,7,21.0,7,21.0,7,21.0,7,21.0,7,21.0,7,21.0,7,21.0,7,21.0,7
guoq,4mod5-v1_22,37,11,22,8,40.54,27.27,330.0,OK,22.0,8,22.0,8,22.0,8,22.0,8,22.0,8,22.0,8,22.0,8,22.0,8,22.0,8,22.0,8,22.0,8,22.0,8,22.0,8,22.0,8,22.0,8
guoq,4mod5-v1_23,109,32,42,18,61.47,43.75,1134.0,OK,43.0,19,42.0,18,42.0,18,42.0,18,42.0,18,42.0,18,42.0,18,42.0,18,42.0,18,42.0,18,42.0,18,42.0,18,42.0,18,42.0,18,42.0,18
guoq,4mod5-v1_24,68,16,38,12,44.12,25.00,626.0,OK,38.0,12,38.0,12,38.0,12,38.0,12,38.0,12,38.0,12,38.0,12,38.0,12,38.0,12,38.0,12,38.0,12,38.0,12,38.0,12,38.0,12,38.0,12
guoq,4mod7-v0_94,242,72,102,43,57.85,40.28,1596.0,OK,102.0,43,102.0,43,102.0,43,102.0,43,102.0,43,102.0,43,102.0,43,102.0,43,102.0,43,102.0,43,102.0,43,102.0,43,102.0,43,102.0,43,102.0,43
guoq,4mod7-v1_96,260,72,119,46,54.23,36.11,1524.0,OK,120.0,47,119.0,46,119.0,46,119.0,46,119.0,46,119.0,46,119.0,46,119.0,46,119.0,46,119.0,46,119.0,46,119.0,46,119.0,46,119.0,46,119.0,46
guoq,9symml_195,52809,15232,26103,14022,50.57,7.94,3336.1,OK,26103.0,14022,26103.0,14022,26103.0,14022,26103.0,14022,26103.0,14022,26103.0,14022,26103.0,14022,26103.0,14022,26103.0,14022,26103.0,14022,26103.0,14022,26103.0,14022,26103.0,14022,26103.0,14022,26103.0,14022
guoq,C17_204,707,205,300,130,57.57,36.59,2226.0,OK,335.0,165,307.0,137,307.0,137,306.0,136,306.0,136,306.0,136,306.0,136,306.0,136,306.0,136,306.0,136,306.0,136,304.0,134,303.0,133,302.0,132,300.0,130
guoq,TFIM_step_100_16,6240,240,2656,240,57.44,0.00,4856.0,OK,2656.0,240,2656.0,240,2656.0,240,2656.0,240,2656.0,240,2656.0,240,2656.0,240,2656.0,240,2656.0,240,2656.0,240,2656.0,240,2656.0,240,2656.0,240,2656.0,240,2656.0,240
guoq,TFIM_step_100_32,25792,992,10927,992,57.63,0.00,2372.0,OK,10927.0,992,10927.0,992,10927.0,992,10927.0,992,10927.0,992,10927.0,992,10927.0,992,10927.0,992,10927.0,992,10927.0,992,10927.0,992,10927.0,992,10927.0,992,10927.0,992,10927.0,992
guoq,TFIM_step_100_4,312,12,136,12,56.41,0.00,1226.0,OK,136.0,12,136.0,12,136.0,12,136.0,12,136.0,12,136.0,12,136.0,12,136.0,12,136.0,12,136.0,12,136.0,12,136.0,12,136.0,12,136.0,12,136.0,12
guoq,TFIM_step_100_8,1456,56,624,56,57.14,0.00,2226.0,OK,624.0,56,624.0,56,624.0,56,624.0,56,624.0,56,624.0,56,624.0,56,624.0,56,624.0,56,624.0,56,624.0,56,624.0,56,624.0,56,624.0,56,624.0,56
guoq,TFIM_step_10_4,312,12,136,12,56.41,0.00,1178.0,OK,136.0,12,136.0,12,136.0,12,136.0,12,136.0,12,136.0,12,136.0,12,136.0,12,136.0,12,136.0,12,136.0,12,136.0,12,136.0,12,136.0,12,136.0,12
guoq,TFIM_step_20_4,312,12,136,12,56.41,0.00,1176.0,OK,136.0,12,136.0,12,136.0,12,136.0,12,136.0,12,136.0,12,136.0,12,136.0,12,136.0,12,136.0,12,136.0,12,136.0,12,136.0,12,136.0,12,136.0,12
guoq,TFIM_step_30_4,312,12,136,12,56.41,0.00,1176.0,OK,136.0,12,136.0,12,136.0,12,136.0,12,136.0,12,136.0,12,136.0,12,136.0,12,136.0,12,136.0,12,136.0,12,136.0,12,136.0,12,136.0,12,136.0,12
guoq,TFIM_step_40_4,312,12,136,12,56.41,0.00,1180.0,OK,136.0,12,136.0,12,136.0,12,136.0,12,136.0,12,136.0,12,136.0,12,136.0,12,136.0,12,136.0,12,136.0,12,136.0,12,136.0,12,136.0,12,136.0,12
guoq,TFIM_step_50_4,312,12,136,12,56.41,0.00,1186.0,OK,136.0,12,136.0,12,136.0,12,136.0,12,136.0,12,136.0,12,136.0,12,136.0,12,136.0,12,136.0,12,136.0,12,136.0,12,136.0,12,136.0,12,136.0,12
guoq,TFIM_step_60_4,312,12,136,12,56.41,0.00,1214.0,OK,136.0,12,136.0,12,136.0,12,136.0,12,136.0,12,136.0,12,136.0,12,136.0,12,136.0,12,136.0,12,136.0,12,136.0,12,136.0,12,136.0,12,136.0,12
guoq,TFIM_step_70_4,312,12,136,12,56.41,0.00,1202.0,OK,136.0,12,136.0,12,136.0,12,136.0,12,136.0,12,136.0,12,136.0,12,136.0,12,136.0,12,136.0,12,136.0,12,136.0,12,136.0,12,136.0,12,136.0,12
guoq,TFIM_step_80_4,312,12,136,12,56.41,0.00,1176.0,OK,136.0,12,136.0,12,136.0,12,136.0,12,136.0,12,136.0,12,136.0,12,136.0,12,136.0,12,136.0,12,136.0,12,136.0,12,136.0,12,136.0,12,136.0,12
guoq,TFIM_step_90_4,312,12,136,12,56.41,0.00,1208.0,OK,136.0,12,136.0,12,136.0,12,136.0,12,136.0,12,136.0,12,136.0,12,136.0,12,136.0,12,136.0,12,136.0,12,136.0,12,136.0,12,136.0,12,136.0,12
guoq,XY_step_100_4,288,12,128,12,55.56,0.00,1104.0,OK,128.0,12,128.0,12,128.0,12,128.0,12,128.0,12,128.0,12,128.0,12,128.0,12,128.0,12,128.0,12,128.0,12,128.0,12,128.0,12,128.0,12,128.0,12
guoq,XY_step_100_8,1344,56,608,56,54.76,0.00,2148.0,OK,608.0,56,608.0,56,608.0,56,608.0,56,608.0,56,608.0,56,608.0,56,608.0,56,608.0,56,608.0,56,608.0,56,608.0,56,608.0,56,608.0,56,608.0,56
guoq,adder_4,267,24,103,19,61.42,20.83,990.0,OK,103.0,19,103.0,19,103.0,19,103.0,19,103.0,19,103.0,19,103.0,19,103.0,19,103.0,19,103.0,19,103.0,19,103.0,19,103.0,19,103.0,19,103.0,19
guoq,adder_8,900,409,579,267,35.67,34.72,2704.0,OK,656.0,313,651.0,308,649.0,306,610.0,287,603.0,284,598.0,283,594.0,279,594.0,279,590.0,275,589.0,274,585.0,273,583.0,271,583.0,271,580.0,268,579.0,267
guoq,adder_9,226,98,72,25,68.14,74.49,1212.0,OK,73.0,26,73.0,26,73.0,26,73.0,26,73.0,26,73.0,26,73.0,26,72.0,25,72.0,25,72.0,25,72.0,25,72.0,25,72.0,25,72.0,25,72.0,25
guoq,adr4_197,5271,1498,2164,989,58.95,33.98,6380.0,OK,2551.0,1376,2551.0,1376,2452.0,1277,2360.0,1185,2353.0,1178,2347.0,1172,2347.0,1172,2347.0,1172,2347.0,1172,2226.0,1051,2164.0,989,2164.0,989,2164.0,989,2164.0,989,2164.0,989
guoq,ae_nativegates_ibm_tket_8,2310,56,537,56,76.75,0.00,2120.0,OK,537.0,56,537.0,56,537.0,56,537.0,56,537.0,56,537.0,56,537.0,56,537.0,56,537.0,56,537.0,56,537.0,56,537.0,56,537.0,56,537.0,56,537.0,56
guoq,aj-e11_165,231,69,116,48,49.78,30.43,1518.0,OK,122.0,54,120.0,52,120.0,52,119.0,51,117.0,49,116.0,48,116.0,48,116.0,48,116.0,48,116.0,48,116.0,48,116.0,48,116.0,48,116.0,48,116.0,48
guoq,alu-bdd_288,132,38,61,26,53.79,31.58,1430.0,OK,62.0,27,62.0,27,62.0,27,62.0,27,62.0,27,62.0,27,62.0,27,62.0,27,62.0,27,62.0,27,62.0,27,62.0,27,62.0,27,61.0,26,61.0,26
guoq,alu-v0_26,132,38,67,28,49.24,26.32,1146.0,OK,68.0,29,67.0,28,67.0,28,67.0,28,67.0,28,67.0,28,67.0,28,67.0,28,67.0,28,67.0,28,67.0,28,67.0,28,67.0,28,67.0,28,67.0,28
guoq,alu-v0_27,60,17,38,15,36.67,11.76,434.0,OK,38.0,15,38.0,15,38.0,15,38.0,15,38.0,15,38.0,15,38.0,15,38.0,15,38.0,15,38.0,15,38.0,15,38.0,15,38.0,15,38.0,15,38.0,15
guoq,alu-v1_28,61,18,36,13,40.98,27.78,692.0,OK,36.0,13,36.0,13,36.0,13,36.0,13,36.0,13,36.0,13,36.0,13,36.0,13,36.0,13,36.0,13,36.0,13,36.0,13,36.0,13,36.0,13,36.0,13
guoq,alu-v1_29,69,17,42,15,39.13,11.76,602.0,OK,42.0,15,42.0,15,42.0,15,42.0,15,42.0,15,42.0,15,42.0,15,42.0,15,42.0,15,42.0,15,42.0,15,42.0,15,42.0,15,42.0,15,42.0,15
guoq,alu-v2_30,768,223,362,158,52.86,29.15,2296.0,OK,397.0,193,366.0,162,366.0,162,366.0,162,366.0,162,366.0,162,364.0,160,364.0,160,364.0,160,364.0,160,363.0,159,362.0,158,362.0,158,362.0,158,362.0,158
guoq,alu-v2_31,683,198,302,129,55.78,34.85,2150.0,OK,336.0,163,309.0,136,309.0,136,309.0,136,309.0,136,306.0,133,306.0,133,306.0,133,306.0,133,304.0,131,304.0,131,304.0,131,303.0,130,303.0,130,302.0,129
guoq,alu-v2_32,251,72,119,48,52.59,33.33,1732.0,OK,123.0,52,121.0,50,121.0,50,120.0,49,120.0,49,120.0,49,119.0,48,119.0,48,119.0,48,119.0,48,119.0,48,119.0,48,119.0,48,119.0,48,119.0,48
guoq,alu-v2_33,69,17,43,15,37.68,11.76,842.0,OK,43.0,15,43.0,15,43.0,15,43.0,15,43.0,15,43.0,15,43.0,15,43.0,15,43.0,15,43.0,15,43.0,15,43.0,15,43.0,15,43.0,15,43.0,15
guoq,alu-v3_34,84,24,50,20,40.48,16.67,904.0,OK,51.0,21,51.0,21,50.0,20,50.0,20,50.0,20,50.0,20,50.0,20,50.0,20,50.0,20,50.0,20,50.0,20,50.0,20,50.0,20,50.0,20,50.0,20
guoq,alu-v3_35,61,18,38,15,37.70,16.67,462.0,OK,39.0,16,39.0,16,39.0,16,38.0,15,38.0,15,38.0,15,38.0,15,38.0,15,38.0,15,38.0,15,38.0,15,38.0,15,38.0,15,38.0,15,38.0,15
guoq,alu-v4_36,179,51,80,30,55.31,41.18,1350.0,OK,84.0,34,83.0,33,82.0,32,82.0,32,80.0,30,80.0,30,80.0,30,80.0,30,80.0,30,80.0,30,80.0,30,80.0,30,80.0,30,80.0,30,80.0,30
guoq,alu-v4_37,61,18,38,15,37.70,16.67,502.0,OK,39.0,16,39.0,16,39.0,16,39.0,16,39.0,16,38.0,15,38.0,15,38.0,15,38.0,15,38.0,15,38.0,15,38.0,15,38.0,15,38.0,15,38.0,15
guoq,barenco_tof_10,450,192,335,146,25.56,23.96,2404.0,OK,335.0,146,335.0,146,335.0,146,335.0,146,335.0,146,335.0,146,335.0,146,335.0,146,335.0,146,335.0,146,335.0,146,335.0,146,335.0,146,335.0,146,335.0,146
guoq,barenco_tof_3,58,24,48,20,17.24,16.67,814.0,OK,48.0,20,48.0,20,48.0,20,48.0,20,48.0,20,48.0,20,48.0,20,48.0,20,48.0,20,48.0,20,48.0,20,48.0,20,48.0,20,48.0,20,48.0,20
guoq,barenco_tof_4,114,48,89,38,21.93,20.83,1350.0,OK,89.0,38,89.0,38,89.0,38,89.0,38,89.0,38,89.0,38,89.0,38,89.0,38,89.0,38,89.0,38,89.0,38,89.0,38,89.0,38,89.0,38,89.0,38
guoq,barenco_tof_5,170,72,130,56,23.53,22.22,1688.0,OK,130.0,56,130.0,56,130.0,56,130.0,56,130.0,56,130.0,56,130.0,56,130.0,56,130.0,56,130.0,56,130.0,56,130.0,56,130.0,56,130.0,56,130.0,56
guoq,clip_206,51227,14772,24914,13404,51.37,9.26,3592.4,OK,24914.0,13404,24914.0,13404,24914.0,13404,24914.0,13404,24914.0,13404,24914.0,13404,24914.0,13404,24914.0,13404,24914.0,13404,24914.0,13404,24914.0,13404,24914.0,13404,24914.0,13404,24914.0,13404,24914.0,13404
guoq,cm152a_212,1869,532,781,350,58.21,34.21,3302.0,OK,880.0,449,849.0,418,849.0,418,783.0,352,783.0,352,783.0,352,783.0,352,783.0,352,783.0,352,783.0,352,783.0,352,782.0,351,781.0,350,781.0,350,781.0,350
guoq,cm42a_207,2776,771,1160,498,58.21,35.41,3906.0,OK,1343.0,681,1255.0,593,1255.0,593,1255.0,593,1189.0,527,1161.0,499,1161.0,499,1161.0,499,1161.0,499,1161.0,499,1161.0,499,1161.0,499,1161.0,499,1161.0,499,1160.0,498
guoq,cm82a_208,1026,283,415,177,59.55,37.46,2330.0,OK,457.0,219,424.0,186,423.0,185,420.0,182,420.0,182,419.0,181,418.0,180,417.0,179,415.0,177,415.0,177,415.0,177,415.0,177,415.0,177,415.0,177,415.0,177
guoq,cm85a_209,17270,4986,7496,3745,56.60,24.89,4681.9,OK,8217.0,4466,8217.0,4466,8217.0,4466,8217.0,4466,8217.0,4466,8217.0,4466,8217.0,4466,8217.0,4466,8217.0,4466,7873.0,4122,7591.0,3840,7518.0,3767,7500.0,3749,7496.0,3745,7496.0,3745
guoq,cnt3-5_179,255,85,149,64,41.57,24.71,1684.0,OK,150.0,65,150.0,65,150.0,65,150.0,65,150.0,65,150.0,65,150.0,65,150.0,65,150.0,65,150.0,65,150.0,65,150.0,65,150.0,65,149.0,64,149.0,64
guoq,cnt3-5_180,725,215,359,154,50.48,28.37,2342.0,OK,390.0,185,360.0,155,360.0,155,360.0,155,360.0,155,360.0,155,360.0,155,360.0,155,360.0,155,360.0,155,360.0,155,360.0,155,360.0,155,360.0,155,359.0,154
guoq,co14_215,27024,7840,12824,6774,52.55,13.60,3921.9,OK,13330.0,7280,13330.0,7280,13330.0,7280,13330.0,7280,13330.0,7280,13330.0,7280,13330.0,7280,13330.0,7280,13330.0,7280,13330.0,7280,13330.0,7280,13328.0,7278,13328.0,7278,12824.0,6774,12824.0,6774
guoq,con1_216,1490,415,627,274,57.92,33.98,2902.0,OK,687.0,334,687.0,334,650.0,297,635.0,282,635.0,282,635.0,282,635.0,282,635.0,282,633.0,280,631.0,278,631.0,278,630.0,277,628.0,275,627.0,274,627.0,274
guoq,csla_mux_3,170,80,145,68,14.71,15.00,1574.0,OK,149.0,72,149.0,72,149.0,72,148.0,71,148.0,71,148.0,71,147.0,70,147.0,70,146.0,69,145.0,68,145.0,68,145.0,68,145.0,68,145.0,68,145.0,68
guoq,csum_mux_9,420,168,259,120,38.33,28.57,2198.0,OK,280.0,140,280.0,140,280.0,140,277.0,137,277.0,137,276.0,136,275.0,135,274.0,134,271.0,131,262.0,122,261.0,121,261.0,121,261.0,121,261.0,121,259.0,120
guoq,cycle10_2_110,9074,2648,3857,1767,57.49,33.27,4868.0,OK,4492.0,2402,4492.0,2402,4492.0,2402,4492.0,2402,4490.0,2400,4338.0,2248,4192.0,2102,4181.0,2091,4181.0,2091,4171.0,2081,4171.0,2081,4171.0,2081,3939.0,1849,3939.0,1849,3857.0,1767
guoq,dc1_220,2946,833,1197,539,59.37,35.29,3946.0,OK,1379.0,721,1298.0,640,1298.0,640,1298.0,640,1235.0,577,1201.0,543,1197.0,539,1197.0,539,1197.0,539,1197.0,539,1197.0,539,1197.0,539,1197.0,539,1197.0,539,1197.0,539
guoq,dc2_222,14350,4131,6427,3190,55.21,22.78,4998.0,OK,6944.0,3707,6944.0,3707,6944.0,3707,6944.0,3707,6944.0,3707,6944.0,3707,6938.0,3701,6938.0,3701,6684.0,3447,6430.0,3193,6429.0,3192,6427.0,3190,6427.0,3190,6427.0,3190,6427.0,3190
guoq,decod24-bdd_294,145,32,73,22,49.66,31.25,1164.0,OK,75.0,23,75.0,23,75.0,23,74.0,22,74.0,22,74.0,22,74.0,22,74.0,22,74.0,22,74.0,22,74.0,22,74.0,22,74.0,22,74.0,22,73.0,22
guoq,decod24-enable_126,506,149,235,101,53.56,32.21,1988.0,OK,251.0,117,244.0,110,242.0,108,238.0,104,238.0,104,237.0,103,236.0,102,236.0,102,236.0,102,236.0,102,235.0,101,235.0,101,235.0,101,235.0,101,235.0,101
guoq,decod24-v0_38,83,23,40,14,51.81,39.13,936.0,OK,40.0,14,40.0,14,40.0,14,40.0,14,40.0,14,40.0,14,40.0,14,40.0,14,40.0,14,40.0,14,40.0,14,40.0,14,40.0,14,40.0,14,40.0,14
guoq,decod24-v1_41,141,38,72,27,48.94,28.95,1212.0,OK,73.0,28,73.0,28,73.0,28,73.0,28,73.0,28,73.0,28,72.0,27,72.0,27,72.0,27,72.0,27,72.0,27,72.0,27,72.0,27,72.0,27,72.0,27
guoq,decod24-v2_43,100,22,52,15,48.00,31.82,1150.0,OK,52.0,15,52.0,15,52.0,15,52.0,15,52.0,15,52.0,15,52.0,15,52.0,15,52.0,15,52.0,15,52.0,15,52.0,15,52.0,15,52.0,15,52.0,15
guoq,decod24-v3_45,262,64,128,44,51.15,31.25,1528.0,OK,131.0,47,129.0,45,129.0,45,129.0,45,129.0,45,129.0,45,128.0,44,128.0,44,128.0,44,128.0,44,128.0,44,128.0,44,128.0,44,128.0,44,128.0,44
guoq,dist_223,57486,16624,28214,15166,50.92,8.77,3334.5,OK,28214.0,15166,28214.0,15166,28214.0,15166,28214.0,15166,28214.0,15166,28214.0,15166,28214.0,15166,28214.0,15166,28214.0,15166,28214.0,15166,28214.0,15166,28214.0,15166,28214.0,15166,28214.0,15166,28214.0,15166
guoq,ex-1_166,35,9,22,8,37.14,11.11,166.0,OK,22.0,8,22.0,8,22.0,8,22.0,8,22.0,8,22.0,8,22.0,8,22.0,8,22.0,8,22.0,8,22.0,8,22.0,8,22.0,8,22.0,8,22.0,8
guoq,ex1_226,23,5,15,5,34.78,0.00,14.0,OK,15.0,5,15.0,5,15.0,5,15.0,5,15.0,5,15.0,5,15.0,5,15.0,5,15.0,5,15.0,5,15.0,5,15.0,5,15.0,5,15.0,5,15.0,5
guoq,ex2_227,983,275,419,182,57.38,33.82,2386.0,OK,464.0,227,435.0,198,427.0,190,427.0,190,426.0,189,426.0,189,425.0,188,424.0,187,424.0,187,422.0,185,422.0,185,422.0,185,421.0,184,421.0,184,419.0,182
guoq,ex3_229,627,175,277,119,55.82,32.00,2138.0,OK,284.0,126,278.0,120,278.0,120,278.0,120,278.0,120,278.0,120,278.0,120,278.0,120,278.0,120,278.0,120,278.0,120,278.0,120,277.0,119,277.0,119,277.0,119
guoq,f2_232,1854,525,769,336,58.52,36.00,3052.0,OK,864.0,431,841.0,408,841.0,408,777.0,344,777.0,344,777.0,344,777.0,344,777.0,344,777.0,344,777.0,344,775.0,342,773.0,340,771.0,338,770.0,337,769.0,336
guoq,gf2^10_mult,1347,609,993,536,26.28,11.99,3888.0,OK,1066.0,609,1066.0,609,993.0,536,993.0,536,993.0,536,993.0,536,993.0,536,993.0,536,993.0,536,993.0,536,993.0,536,993.0,536,993.0,536,993.0,536,993.0,536
guoq,gf2^4_mult,225,99,175,88,22.22,11.11,2070.0,OK,179.0,92,179.0,92,178.0,91,178.0,91,178.0,91,177.0,90,176.0,89,176.0,89,176.0,89,176.0,89,175.0,88,175.0,88,175.0,88,175.0,88,175.0,88
guoq,gf2^5_mult,347,154,268,139,22.77,9.74,2354.0,OK,270.0,141,270.0,141,270.0,141,270.0,141,270.0,141,270.0,141,270.0,141,270.0,141,270.0,141,270.0,141,270.0,141,269.0,140,268.0,139,268.0,139,268.0,139
guoq,gf2^6_mult,495,221,379,200,23.43,9.50,2612.0,OK,379.0,200,379.0,200,379.0,200,379.0,200,379.0,200,379.0,200,379.0,200,379.0,200,379.0,200,379.0,200,379.0,200,379.0,200,379.0,200,379.0,200,379.0,200
guoq,gf2^7_mult,669,300,506,269,24.36,10.33,3062.0,OK,506.0,269,506.0,269,506.0,269,506.0,269,506.0,269,506.0,269,506.0,269,506.0,269,506.0,269,506.0,269,506.0,269,506.0,269,506.0,269,506.0,269,506.0,269
guoq,gf2^8_mult,883,405,650,364,26.39,10.12,3272.0,OK,705.0,405,662.0,362,662.0,362,662.0,362,659.0,359,659.0,359,659.0,359,659.0,359,654.0,368,653.0,367,652.0,366,650.0,364,650.0,364,650.0,364,650.0,364
guoq,gf2^9_mult,1095,494,812,437,25.84,11.54,3464.0,OK,869.0,494,812.0,437,812.0,437,812.0,437,812.0,437,812.0,437,812.0,437,812.0,437,812.0,437,812.0,437,812.0,437,812.0,437,812.0,437,812.0,437,812.0,437
guoq,graycode6_47,5,5,5,5,0.00,0.00,0.0,OK,5.0,5,5.0,5,5.0,5,5.0,5,5.0,5,5.0,5,5.0,5,5.0,5,5.0,5,5.0,5,5.0,5,5.0,5,5.0,5,5.0,5,5.0,5
guoq,ground_state_estimation_10,390180,154209,10712,3,97.25,100.00,1086.5,OK,104647.0,33663,10712.0,3,10712.0,3,10712.0,3,10712.0,3,10712.0,3,10712.0,3,10712.0,3,10712.0,3,10712.0,3,10712.0,3,10712.0,3,10712.0,3,10712.0,3,10712.0,3
guoq,grover_pigeon3,25714,92,8399,92,67.34,0.00,8173.5,OK,8399.0,92,8399.0,92,8399.0,92,8399.0,92,8399.0,92,8399.0,92,8399.0,92,8399.0,92,8399.0,92,8399.0,92,8399.0,92,8399.0,92,8399.0,92,8399.0,92,8399.0,92
guoq,ham15-high,7498,2149,2812,1383,62.50,35.64,7812.0,OK,2856.0,1427,2840.0,1411,2834.0,1405,2830.0,1401,2814.0,1385,2814.0,1385,2814.0,1385,2814.0,1385,2814.0,1385,2814.0,1385,2814.0,1385,2813.0,1384,2812.0,1383,2812.0,1383,2812.0,1383
guoq,ham15-low,713,236,326,188,54.28,20.34,1462.0,OK,334.0,196,334.0,196,334.0,196,332.0,194,332.0,194,331.0,193,330.0,192,329.0,191,329.0,191,329.0,191,329.0,191,326.0,188,326.0,188,326.0,188,326.0,188
guoq,ham15-med,1907,534,647,314,66.07,41.20,3012.0,OK,663.0,330,663.0,330,662.0,329,661.0,328,661.0,328,659.0,324,656.0,323,654.0,321,654.0,321,650.0,317,648.0,315,648.0,315,647.0,314,647.0,314,647.0,314
guoq,ham15_107,13123,3858,6059,3066,53.83,20.53,4874.0,OK,6535.0,3542,6535.0,3542,6535.0,3542,6535.0,3542,6535.0,3542,6535.0,3542,6531.0,3538,6297.0,3304,6297.0,3304,6063.0,3070,6061.0,3068,6059.0,3066,6059.0,3066,6059.0,3066,6059.0,3066
guoq,ham3_102,28,11,16,7,42.86,36.36,0.0,OK,16.0,7,16.0,7,16.0,7,16.0,7,16.0,7,16.0,7,16.0,7,16.0,7,16.0,7,16.0,7,16.0,7,16.0,7,16.0,7,16.0,7,16.0,7
guoq,ham7_104,472,149,227,104,51.91,30.20,2002.0,OK,237.0,114,232.0,109,231.0,108,229.0,106,229.0,106,229.0,106,229.0,106,229.0,106,228.0,105,228.0,105,227.0,104,227.0,104,227.0,104,227.0,104,227.0,104
guoq,heisenberg_step_10_4,1472,180,419,82,71.54,54.44,2262.0,OK,457.0,102,423.0,84,419.0,82,419.0,82,419.0,82,419.0,82,419.0,82,419.0,82,419.0,82,419.0,82,419.0,82,419.0,82,419.0,82,419.0,82,419.0,82
guoq,heisenberg_step_15_4,2207,270,619,122,71.95,54.81,2260.0,OK,677.0,152,662.0,137,632.0,125,622.0,125,619.0,122,619.0,122,619.0,122,619.0,122,619.0,122,619.0,122,619.0,122,619.0,122,619.0,122,619.0,122,619.0,122
guoq,heisenberg_step_20_4,2942,360,819,162,72.16,55.00,2618.0,OK,897.0,202,897.0,202,877.0,182,836.0,163,819.0,162,819.0,162,819.0,162,819.0,162,819.0,162,819.0,162,819.0,162,819.0,162,819.0,162,819.0,162,819.0,162
guoq,heisenberg_step_25_4,3677,450,1019,202,72.29,55.11,2934.0,OK,1117.0,252,1117.0,252,1117.0,252,1067.0,202,1037.0,202,1027.0,208,1022.0,203,1019.0,202,1019.0,202,1019.0,202,1019.0,202,1019.0,202,1019.0,202,1019.0,202,1019.0,202
guoq,heisenberg_step_30_4,4412,540,1219,242,72.37,55.19,3268.0,OK,1337.0,302,1337.0,302,1337.0,302,1307.0,272,1277.0,242,1243.0,246,1230.0,245,1223.0,244,1219.0,242,1219.0,242,1219.0,242,1219.0,242,1219.0,242,1219.0,242,1219.0,242
guoq,heisenberg_step_35_4,5147,630,1419,282,72.43,55.24,3642.0,OK,1557.0,352,1557.0,352,1557.0,352,1557.0,352,1522.0,317,1487.0,282,1432.0,285,1423.0,286,1420.0,283,1419.0,282,1419.0,282,1419.0,282,1419.0,282,1419.0,282,1419.0,282
guoq,heisenberg_step_40_4,5882,720,1621,324,72.44,55.00,3870.0,OK,1777.0,402,1777.0,402,1777.0,402,1777.0,402,1777.0,402,1737.0,362,1681.0,326,1648.0,329,1630.0,327,1625.0,326,1623.0,326,1622.0,325,1621.0,324,1621.0,324,1621.0,324
guoq,heisenberg_step_45_4,6617,810,1819,362,72.51,55.31,4410.0,OK,2001.0,456,1997.0,452,1997.0,452,1997.0,452,1997.0,452,1997.0,452,1908.0,363,1882.0,365,1849.0,366,1826.0,367,1825.0,366,1820.0,363,1819.0,362,1819.0,362,1819.0,362
guoq,heisenberg_step_50_4,7352,900,2020,403,72.52,55.22,4674.0,OK,2283.0,568,2217.0,502,2217.0,502,2217.0,502,2217.0,502,2217.0,502,2167.0,452,2117.0,402,2097.0,404,2035.0,410,2030.0,407,2021.0,404,2020.0,403,2020.0,403,2020.0,403
guoq,heisenberg_step_50_8,17154,2100,5583,1252,67.45,40.38,4123.1,OK,5731.0,1400,5731.0,1400,5731.0,1400,5633.0,1302,5633.0,1302,5633.0,1302,5633.0,1302,5633.0,1302,5633.0,1302,5633.0,1302,5633.0,1302,5633.0,1302,5633.0,1302,5583.0,1252,5583.0,1252
guoq,heisenberg_step_5_4,737,90,219,42,70.28,53.33,1788.0,OK,219.0,42,219.0,42,219.0,42,219.0,42,219.0,42,219.0,42,219.0,42,219.0,42,219.0,42,219.0,42,219.0,42,219.0,42,219.0,42,219.0,42,219.0,42
guoq,hlf_10,161,56,51,29,68.32,48.21,910.0,OK,60.0,36,54.0,32,54.0,32,54.0,32,54.0,32,54.0,32,54.0,32,54.0,32,53.0,31,51.0,29,51.0,29,51.0,29,51.0,29,51.0,29,51.0,29
guoq,hlf_5,95,14,44,6,53.68,57.14,744.0,OK,46.0,8,46.0,8,46.0,8,46.0,8,46.0,8,44.0,6,44.0,6,44.0,6,44.0,6,44.0,6,44.0,6,44.0,6,44.0,6,44.0,6,44.0,6
guoq,hwb4_49,345,107,154,67,55.36,37.38,1752.0,OK,164.0,77,162.0,75,161.0,74,160.0,73,159.0,72,159.0,72,158.0,71,158.0,71,157.0,70,156.0,69,156.0,69,154.0,67,154.0,67,154.0,67,154.0,67
guoq,hwb5_53,1992,598,941,424,52.76,29.10,3558.0,OK,1073.0,554,1032.0,513,1032.0,513,968.0,449,952.0,433,951.0,432,951.0,432,951.0,432,951.0,432,951.0,432,951.0,432,951.0,432,951.0,432,946.0,429,941.0,424
guoq,hwb6,491,116,223,93,54.58,19.83,1836.0,OK,231.0,101,231.0,101,227.0,97,227.0,97,226.0,96,226.0,96,224.0,94,223.0,93,223.0,93,223.0,93,223.0,93,223.0,93,223.0,93,223.0,93,223.0,93
guoq,hwb6_56,10075,2952,4688,2162,53.47,26.76,4982.0,OK,5257.0,2724,5257.0,2724,5257.0,2724,5257.0,2724,5243.0,2717,5243.0,2717,5116.0,2590,4989.0,2463,4987.0,2461,4982.0,2456,4978.0,2452,4978.0,2452,4978.0,2452,4879.0,2353,4688.0,2162
guoq,hwb7_59,36555,10681,18687,9794,48.88,8.30,3439.4,OK,18706.0,9811,18706.0,9811,18706.0,9811,18706.0,9811,18706.0,9811,18706.0,9811,18706.0,9811,18706.0,9811,18706.0,9811,18706.0,9811,18706.0,9811,18706.0,9811,18706.0,9811,18706.0,9811,18687.0,9794
guoq,hwb8_113,104068,30372,52934,27798,49.14,8.47,2781.5,OK,52934.0,27798,52934.0,27798,52934.0,27798,52934.0,27798,52934.0,27798,52934.0,27798,52934.0,27798,52934.0,27798,52934.0,27798,52934.0,27798,52934.0,27798,52934.0,27798,52934.0,27798,52934.0,27798,52934.0,27798
guoq,hwb9_119,311615,90955,157409,82925,49.49,8.83,1886.7,OK,157524.0,82925,157409.0,82925,157409.0,82925,157409.0,82925,157409.0,82925,157409.0,82925,157409.0,82925,157409.0,82925,157409.0,82925,157409.0,82925,157409.0,82925,157409.0,82925,157409.0,82925,157409.0,82925,157409.0,82925
guoq,inc_237,16115,4636,7143,3532,55.67,23.81,4203.9,OK,7698.0,4086,7698.0,4086,7698.0,4086,7698.0,4086,7698.0,4086,7698.0,4086,7698.0,4086,7694.0,4083,7694.0,4083,7420.0,3809,7146.0,3535,7145.0,3534,7143.0,3532,7143.0,3532,7143.0,3532
guoq,ising_model_10,920,90,288,72,68.70,20.00,1790.0,OK,288.0,72,288.0,72,288.0,72,288.0,72,288.0,72,288.0,72,288.0,72,288.0,72,288.0,72,288.0,72,288.0,72,288.0,72,288.0,72,288.0,72,288.0,72
guoq,ising_model_13,1205,120,378,96,68.63,20.00,1974.0,OK,378.0,96,378.0,96,378.0,96,378.0,96,378.0,96,378.0,96,378.0,96,378.0,96,378.0,96,378.0,96,378.0,96,378.0,96,378.0,96,378.0,96,378.0,96
guoq,ising_model_16,1490,150,468,120,68.59,20.00,2322.0,OK,468.0,120,468.0,120,468.0,120,468.0,120,468.0,120,468.0,120,468.0,120,468.0,120,468.0,120,468.0,120,468.0,120,468.0,120,468.0,120,468.0,120,468.0,120
guoq,life_238,34005,9800,16682,8984,50.94,8.33,3912.8,OK,16682.0,8984,16682.0,8984,16682.0,8984,16682.0,8984,16682.0,8984,16682.0,8984,16682.0,8984,16682.0,8984,16682.0,8984,16682.0,8984,16682.0,8984,16682.0,8984,16682.0,8984,16682.0,8984,16682.0,8984
guoq,majority_239,940,267,396,175,57.87,34.46,2340.0,OK,437.0,216,403.0,182,403.0,182,403.0,182,400.0,179,400.0,179,400.0,179,398.0,177,398.0,177,398.0,177,398.0,177,397.0,176,396.0,175,396.0,175,396.0,175
guoq,max46_240,41094,11844,20486,10922,50.15,7.78,3660.7,OK,20486.0,10922,20486.0,10922,20486.0,10922,20486.0,10922,20486.0,10922,20486.0,10922,20486.0,10922,20486.0,10922,20486.0,10922,20486.0,10922,20486.0,10922,20486.0,10922,20486.0,10922,20486.0,10922,20486.0,10922
guoq,miller_11,74,23,42,17,43.24,26.09,972.0,OK,42.0,17,42.0,17,42.0,17,42.0,17,42.0,17,42.0,17,42.0,17,42.0,17,42.0,17,42.0,17,42.0,17,42.0,17,42.0,17,42.0,17,42.0,17
guoq,mini-alu_167,432,126,202,81,53.24,35.71,1910.0,OK,212.0,91,212.0,91,212.0,91,210.0,89,208.0,87,207.0,86,207.0,86,205.0,84,205.0,84,205.0,84,205.0,84,205.0,84,203.0,82,202.0,81,202.0,81
guoq,mini_alu_305,301,77,148,53,50.83,31.17,1696.0,OK,152.0,57,148.0,53,148.0,53,148.0,53,148.0,53,148.0,53,148.0,53,148.0,53,148.0,53,148.0,53,148.0,53,148.0,53,148.0,53,148.0,53,148.0,53
guoq,misex1_241,7317,2100,2981,1360,59.26,35.24,8164.0,OK,3459.0,1838,3459.0,1838,3459.0,1838,3336.0,1715,3265.0,1644,3221.0,1600,3221.0,1600,3221.0,1600,3221.0,1600,3219.0,1598,3071.0,1450,2981.0,1360,2981.0,1360,2981.0,1360,2981.0,1360
guoq,mlp4_245,28548,8232,13242,6875,53.61,16.48,4019.8,OK,13777.0,7410,13777.0,7410,13777.0,7410,13777.0,7410,13777.0,7410,13777.0,7410,13777.0,7410,13777.0,7410,13777.0,7410,13777.0,7410,13777.0,7410,13768.0,7401,13768.0,7401,13242.0,6875,13242.0,6875
guoq,mod10_171,372,108,178,72,52.15,33.33,1834.0,OK,183.0,77,180.0,74,178.0,72,178.0,72,178.0,72,178.0,72,178.0,72,178.0,72,178.0,72,178.0,72,178.0,72,178.0,72,178.0,72,178.0,72,178.0,72
guoq,mod10_176,274,78,125,53,54.38,32.05,1770.0,OK,127.0,55,127.0,55,127.0,55,127.0,55,127.0,55,127.0,55,127.0,55,127.0,55,127.0,55,127.0,55,127.0,55,125.0,53,125.0,53,125.0,53,125.0,53
guoq,mod5_4,63,28,35,17,44.44,39.29,1018.0,OK,38.0,20,37.0,19,36.0,18,36.0,18,35.0,17,35.0,17,35.0,17,35.0,17,35.0,17,35.0,17,35.0,17,35.0,17,35.0,17,35.0,17,35.0,17
guoq,mod5adder_127,907,239,429,170,52.70,28.87,2464.0,OK,468.0,209,440.0,181,434.0,175,434.0,175,434.0,175,434.0,175,434.0,175,432.0,173,432.0,173,431.0,172,431.0,172,431.0,172,430.0,171,430.0,171,429.0,170
guoq,mod5d1_63,30,13,20,11,33.33,15.38,84.0,OK,20.0,11,20.0,11,20.0,11,20.0,11,20.0,11,20.0,11,20.0,11,20.0,11,20.0,11,20.0,11,20.0,11,20.0,11,20.0,11,20.0,11,20.0,11
guoq,mod5d2_64,85,25,41,16,51.76,36.00,1184.0,OK,44.0,19,43.0,18,43.0,18,43.0,18,43.0,18,43.0,18,43.0,18,42.0,17,42.0,17,42.0,17,42.0,17,41.0,16,41.0,16,41.0,16,41.0,16
guoq,mod5mils_65,59,16,29,12,50.85,25.00,452.0,OK,29.0,12,29.0,12,29.0,12,29.0,12,29.0,12,29.0,12,29.0,12,29.0,12,29.0,12,29.0,12,29.0,12,29.0,12,29.0,12,29.0,12,29.0,12
guoq,mod8-10_177,664,196,304,132,54.22,32.65,2254.0,OK,342.0,168,315.0,141,314.0,140,313.0,139,309.0,137,307.0,135,307.0,135,305.0,133,305.0,133,305.0,133,305.0,133,305.0,133,305.0,133,304.0,132,304.0,132
guoq,mod8-10_178,518,152,248,108,52.12,28.95,2722.0,OK,255.0,115,251.0,111,251.0,111,250.0,110,250.0,110,250.0,110,250.0,110,250.0,110,250.0,110,250.0,110,249.0,109,249.0,109,249.0,109,248.0,108,248.0,108
guoq,mod_mult_55,119,48,85,37,28.57,22.92,1192.0,OK,85.0,37,85.0,37,85.0,37,85.0,37,85.0,37,85.0,37,85.0,37,85.0,37,85.0,37,85.0,37,85.0,37,85.0,37,85.0,37,85.0,37,85.0,37
guoq,mod_red_21,278,105,207,86,25.54,18.10,1966.0,OK,209.0,88,209.0,88,208.0,87,208.0,87,208.0,87,208.0,87,208.0,87,208.0,87,208.0,87,208.0,87,208.0,87,208.0,87,208.0,87,207.0,86,207.0,86
guoq,muliply_5,281,20,101,17,64.06,15.00,1282.0,OK,101.0,17,101.0,17,101.0,17,101.0,17,101.0,17,101.0,17,101.0,17,101.0,17,101.0,17,101.0,17,101.0,17,101.0,17,101.0,17,101.0,17,101.0,17
guoq,multiply_10,350,163,126,56,64.00,65.64,1754.0,OK,150.0,80,139.0,69,135.0,65,132.0,62,131.0,61,131.0,61,130.0,60,130.0,60,130.0,60,127.0,57,127.0,57,126.0,56,126.0,56,126.0,56,126.0,56
guoq,one-two-three-v0_97,434,128,204,87,53.00,32.03,1888.0,OK,211.0,94,209.0,92,208.0,91,206.0,89,205.0,88,205.0,88,205.0,88,205.0,88,205.0,88,205.0,88,205.0,88,204.0,87,204.0,87,204.0,87,204.0,87
guoq,one-two-three-v0_98,218,65,100,38,54.13,41.54,1634.0,OK,107.0,45,104.0,42,104.0,42,103.0,41,102.0,40,102.0,40,102.0,40,102.0,40,102.0,40,100.0,38,100.0,38,100.0,38,100.0,38,100.0,38,100.0,38
guoq,one-two-three-v1_99,204,59,95,38,53.43,35.59,1668.0,OK,99.0,42,99.0,42,97.0,40,97.0,40,96.0,39,95.0,38,95.0,38,95.0,38,95.0,38,95.0,38,95.0,38,95.0,38,95.0,38,95.0,38,95.0,38
guoq,one-two-three-v2_100,109,32,61,22,44.04,31.25,1616.0,OK,61.0,22,61.0,22,61.0,22,61.0,22,61.0,22,61.0,22,61.0,22,61.0,22,61.0,22,61.0,22,61.0,22,61.0,22,61.0,22,61.0,22,61.0,22
guoq,one-two-three-v3_101,118,32,68,23,42.37,28.12,1296.0,OK,70.0,25,69.0,24,68.0,23,68.0,23,68.0,23,68.0,23,68.0,23,68.0,23,68.0,23,68.0,23,68.0,23,68.0,23,68.0,23,68.0,23,68.0,23
guoq,plus63mod4096_163,193120,56329,94948,51077,50.83,9.32,2247.5,OK,95023.0,51077,94948.0,51077,94948.0,51077,94948.0,51077,94948.0,51077,94948.0,51077,94948.0,51077,94948.0,51077,94948.0,51077,94948.0,51077,94948.0,51077,94948.0,51077,94948.0,51077,94948.0,51077,94948.0,51077
guoq,plus63mod8192_164,280672,81865,137953,74173,50.85,9.40,2014.2,OK,138021.0,74173,137953.0,74173,137953.0,74173,137953.0,74173,137953.0,74173,137953.0,74173,137953.0,74173,137953.0,74173,137953.0,74173,137953.0,74173,137953.0,74173,137953.0,74173,137953.0,74173,137953.0,74173,137953.0,74173
guoq,pm1_249,2776,771,1161,499,58.18,35.28,3920.0,OK,1343.0,681,1255.0,593,1255.0,593,1255.0,593,1189.0,527,1161.0,499,1161.0,499,1161.0,499,1161.0,499,1161.0,499,1161.0,499,1161.0,499,1161.0,499,1161.0,499,1161.0,499
guoq,portfolioqaoa_nativegates_ibm_tket_8,6400,168,1451,168,77.33,0.00,3506.0,OK,1451.0,168,1451.0,168,1451.0,168,1451.0,168,1451.0,168,1451.0,168,1451.0,168,1451.0,168,1451.0,168,1451.0,168,1451.0,168,1451.0,168,1451.0,168,1451.0,168,1451.0,168
guoq,portfoliovqe_nativegates_ibm_tket_8,2532,84,760,84,69.98,0.00,2386.0,OK,760.0,84,760.0,84,760.0,84,760.0,84,760.0,84,760.0,84,760.0,84,760.0,84,760.0,84,760.0,84,760.0,84,760.0,84,760.0,84,760.0,84,760.0,84
guoq,qaoa_10,285,85,150,42,47.37,50.59,1486.0,OK,159.0,51,159.0,51,158.0,50,157.0,49,155.0,47,154.0,46,154.0,46,154.0,46,154.0,46,151.0,43,151.0,43,150.0,42,150.0,42,150.0,42,150.0,42
guoq,qaoa_5,285,42,106,25,62.81,40.48,1488.0,OK,109.0,28,109.0,28,108.0,27,107.0,26,107.0,26,107.0,26,107.0,26,107.0,26,107.0,26,107.0,26,107.0,26,106.0,25,106.0,25,106.0,25,106.0,25
guoq,qaoa_n10_p4,910,120,345,115,62.09,4.17,1912.0,OK,346.0,116,346.0,116,346.0,116,346.0,116,346.0,116,346.0,116,346.0,116,346.0,116,346.0,116,346.0,116,345.0,115,345.0,115,345.0,115,345.0,115,345.0,115
guoq,qaoa_n14_p4,1274,168,482,160,62.17,4.76,2338.0,OK,486.0,164,483.0,161,482.0,160,482.0,160,482.0,160,482.0,160,482.0,160,482.0,160,482.0,160,482.0,160,482.0,160,482.0,160,482.0,160,482.0,160,482.0,160
guoq,qaoa_n20_p4,1820,240,692,232,61.98,3.33,2478.0,OK,696.0,236,696.0,236,696.0,236,696.0,236,696.0,236,696.0,236,695.0,235,695.0,235,695.0,235,694.0,234,694.0,234,692.0,232,692.0,232,692.0,232,692.0,232
guoq,qaoa_n30_p4,2730,360,1039,349,61.94,3.06,2878.0,OK,1050.0,360,1050.0,360,1050.0,360,1042.0,352,1042.0,352,1042.0,352,1042.0,352,1042.0,352,1041.0,351,1040.0,350,1040.0,350,1040.0,350,1039.0,349,1039.0,349,1039.0,349
guoq,qaoa_n4_p4,364,48,124,34,65.93,29.17,1474.0,OK,128.0,36,126.0,36,126.0,36,126.0,36,126.0,36,126.0,36,126.0,36,126.0,36,126.0,36,126.0,36,125.0,35,125.0,35,124.0,34,124.0,34,124.0,34
guoq,qaoa_n6_p4,546,72,201,63,63.19,12.50,1952.0,OK,202.0,64,202.0,64,202.0,64,202.0,64,202.0,64,201.0,63,201.0,63,201.0,63,201.0,63,201.0,63,201.0,63,201.0,63,201.0,63,201.0,63,201.0,63
guoq,qaoa_n8_p4,728,96,272,88,62.64,8.33,1690.0,OK,272.0,88,272.0,88,272.0,88,272.0,88,272.0,88,272.0,88,272.0,88,272.0,88,272.0,88,272.0,88,272.0,88,272.0,88,272.0,88,272.0,88,272.0,88
guoq,qaoa_nativegates_ibm_tket_8,1364,32,265,32,80.57,0.00,1474.0,OK,300.0,32,300.0,32,300.0,32,300.0,32,300.0,32,300.0,32,300.0,32,300.0,32,300.0,32,300.0,32,298.0,34,283.0,32,278.0,33,265.0,32,265.0,32
guoq,qcla_adder_10,521,233,411,181,21.11,22.32,2330.0,OK,417.0,187,417.0,187,417.0,187,417.0,187,417.0,187,417.0,187,417.0,187,415.0,185,415.0,185,414.0,184,412.0,182,411.0,181,411.0,181,411.0,181,411.0,181
guoq,qcla_com_7,443,186,294,128,33.63,31.18,2122.0,OK,301.0,135,299.0,133,299.0,133,298.0,132,298.0,132,298.0,132,298.0,132,297.0,131,297.0,131,297.0,131,294.0,128,294.0,128,294.0,128,294.0,128,294.0,128
guoq,qcla_mod_7,884,382,677,298,23.42,21.99,2918.0,OK,688.0,309,688.0,309,688.0,309,684.0,305,681.0,302,681.0,302,681.0,302,680.0,301,679.0,300,679.0,300,679.0,300,679.0,300,679.0,300,677.0,298,677.0,298
guoq,qe_qft_4,423,27,166,27,60.76,0.00,1422.0,OK,166.0,27,166.0,27,166.0,27,166.0,27,166.0,27,166.0,27,166.0,27,166.0,27,166.0,27,166.0,27,166.0,27,166.0,27,166.0,27,166.0,27,166.0,27
guoq,qe_qft_5,659,38,264,34,59.94,10.53,1588.0,OK,264.0,34,264.0,34,264.0,34,264.0,34,264.0,34,264.0,34,264.0,34,264.0,34,264.0,34,264.0,34,264.0,34,264.0,34,264.0,34,264.0,34,264.0,34
guoq,qft_10,280,90,15,0,94.64,100.00,0.0,OK,15.0,,15.0,,15.0,,15.0,,15.0,,15.0,,15.0,,15.0,,15.0,,15.0,,15.0,,15.0,,15.0,,15.0,,15.0,
guoq,qft_10_quest,401,216,151,84,62.34,61.11,1574.0,OK,177.0,110,171.0,104,169.0,102,166.0,99,164.0,97,162.0,95,162.0,95,162.0,95,162.0,95,160.0,93,156.0,89,153.0,86,152.0,85,151.0,84,151.0,84
guoq,qft_16,640,240,27,0,95.78,100.00,0.0,OK,27.0,,27.0,,27.0,,27.0,,27.0,,27.0,,27.0,,27.0,,27.0,,27.0,,27.0,,27.0,,27.0,,27.0,,27.0,
guoq,qft_20,5610,380,614,366,89.06,3.68,2602.0,OK,628.0,380,628.0,380,628.0,380,628.0,380,628.0,380,628.0,380,628.0,380,628.0,380,628.0,380,627.0,379,626.0,378,624.0,376,623.0,375,621.0,373,614.0,366
guoq,qft_5,348,33,51,16,85.34,51.52,1152.0,OK,59.0,24,59.0,24,58.0,23,54.0,19,54.0,19,52.0,17,52.0,17,52.0,17,52.0,17,52.0,17,52.0,17,51.0,16,51.0,16,51.0,16,51.0,16
guoq,qft_nativegates_ibm_tket_8,2574,68,623,68,75.80,0.00,2026.0,OK,623.0,68,623.0,68,623.0,68,623.0,68,623.0,68,623.0,68,623.0,68,623.0,68,623.0,68,623.0,68,623.0,68,623.0,68,623.0,68,623.0,68,623.0,68
guoq,qftentangled_nativegates_ibm_tket_8,2853,75,683,75,76.06,0.00,2130.0,OK,683.0,75,683.0,75,683.0,75,683.0,75,683.0,75,683.0,75,683.0,75,683.0,75,683.0,75,683.0,75,683.0,75,683.0,75,683.0,75,683.0,75,683.0,75
guoq,qgan_nativegates_ibm_tket_8,928,28,280,28,69.83,0.00,1248.0,OK,280.0,28,280.0,28,280.0,28,280.0,28,280.0,28,280.0,28,280.0,28,280.0,28,280.0,28,280.0,28,280.0,28,280.0,28,280.0,28,280.0,28,280.0,28
guoq,qiskit-3_17_13,60,17,33,11,45.00,35.29,658.0,OK,33.0,11,33.0,11,33.0,11,33.0,11,33.0,11,33.0,11,33.0,11,33.0,11,33.0,11,33.0,11,33.0,11,33.0,11,33.0,11,33.0,11,33.0,11
guoq,qiskit-alu-v0_26,132,38,67,28,49.24,26.32,1138.0,OK,67.0,28,67.0,28,67.0,28,67.0,28,67.0,28,67.0,28,67.0,28,67.0,28,67.0,28,67.0,28,67.0,28,67.0,28,67.0,28,67.0,28,67.0,28
guoq,qpeexact_nativegates_ibm_tket_8,2471,64,601,64,75.68,0.00,2018.0,OK,601.0,64,601.0,64,601.0,64,601.0,64,601.0,64,601.0,64,601.0,64,601.0,64,601.0,64,601.0,64,601.0,64,601.0,64,601.0,64,601.0,64,601.0,64
guoq,qpeinexact_nativegates_ibm_tket_8,2531,65,611,65,75.86,0.00,2156.0,OK,611.0,65,611.0,65,611.0,65,611.0,65,611.0,65,611.0,65,611.0,65,611.0,65,611.0,65,611.0,65,611.0,65,611.0,65,611.0,65,611.0,65,611.0,65
guoq,radd_250,4877,1405,2026,953,58.46,32.17,6052.0,OK,2364.0,1291,2363.0,1290,2279.0,1206,2198.0,1125,2198.0,1125,2198.0,1125,2198.0,1125,2198.0,1125,2080.0,1007,2026.0,953,2026.0,953,2026.0,953,2026.0,953,2026.0,953,2026.0,953
guoq,rc_adder_6,200,93,155,71,22.50,23.66,1776.0,OK,157.0,73,157.0,73,157.0,73,156.0,72,156.0,72,156.0,72,155.0,71,155.0,71,155.0,71,155.0,71,155.0,71,155.0,71,155.0,71,155.0,71,155.0,71
guoq,rd32-v0_66,50,16,19,8,62.00,50.00,16.0,OK,19.0,8,19.0,8,19.0,8,19.0,8,19.0,8,19.0,8,19.0,8,19.0,8,19.0,8,19.0,8,19.0,8,19.0,8,19.0,8,19.0,8,19.0,8
guoq,rd32-v1_68,68,16,28,7,58.82,56.25,264.0,OK,28.0,7,28.0,7,28.0,7,28.0,7,28.0,7,28.0,7,28.0,7,28.0,7,28.0,7,28.0,7,28.0,7,28.0,7,28.0,7,28.0,7,28.0,7
guoq,rd32_270,148,36,57,20,61.49,44.44,1124.0,OK,60.0,23,60.0,23,60.0,23,60.0,23,60.0,23,60.0,23,58.0,21,58.0,21,58.0,21,58.0,21,58.0,21,58.0,21,57.0,20,57.0,20,57.0,20
guoq,rd53_130,1707,448,749,306,56.12,31.70,3098.0,OK,816.0,373,813.0,370,803.0,360,755.0,312,755.0,312,755.0,312,755.0,312,755.0,312,755.0,312,755.0,312,755.0,312,753.0,310,752.0,309,751.0,308,749.0,306
guoq,rd53_131,829,200,352,133,57.54,33.50,2218.0,OK,382.0,163,358.0,139,358.0,139,357.0,138,355.0,136,355.0,136,354.0,135,353.0,134,353.0,134,352.0,133,352.0,133,352.0,133,352.0,133,352.0,133,352.0,133
guoq,rd53_133,868,256,335,153,61.41,40.23,2306.0,OK,370.0,188,342.0,160,341.0,159,341.0,159,340.0,158,340.0,158,340.0,158,338.0,156,336.0,154,335.0,153,335.0,153,335.0,153,335.0,153,335.0,153,335.0,153
guoq,rd53_135,440,134,193,89,56.14,33.58,1854.0,OK,197.0,93,196.0,92,195.0,91,194.0,90,194.0,90,193.0,89,193.0,89,193.0,89,193.0,89,193.0,89,193.0,89,193.0,89,193.0,89,193.0,89,193.0,89
guoq,rd53_138,196,60,94,40,52.04,33.33,1712.0,OK,95.0,41,94.0,40,94.0,40,94.0,40,94.0,40,94.0,40,94.0,40,94.0,40,94.0,40,94.0,40,94.0,40,94.0,40,94.0,40,94.0,40,94.0,40
guoq,rd53_251,1987,564,839,380,57.78,32.62,3182.0,OK,939.0,478,915.0,454,915.0,454,856.0,395,840.0,379,840.0,379,840.0,379,839.0,380,839.0,380,839.0,380,839.0,380,839.0,380,839.0,380,839.0,380,839.0,380
guoq,rd53_311,459,124,228,89,50.33,28.23,2020.0,OK,236.0,97,234.0,95,234.0,95,233.0,94,232.0,93,230.0,91,228.0,89,228.0,89,228.0,89,228.0,89,228.0,89,228.0,89,228.0,89,228.0,89,228.0,89
guoq,rd73_140,342,104,168,74,50.88,28.85,1784.0,OK,177.0,83,170.0,76,169.0,75,169.0,75,169.0,75,169.0,75,169.0,75,169.0,75,168.0,74,168.0,74,168.0,74,168.0,74,168.0,74,168.0,74,168.0,74
guoq,rd73_252,8153,2319,3389,1553,58.43,33.03,8170.0,OK,3956.0,2113,3956.0,2113,3956.0,2113,3922.0,2086,3798.0,1962,3723.0,1887,3673.0,1837,3673.0,1837,3673.0,1837,3673.0,1837,3672.0,1836,3463.0,1627,3403.0,1567,3389.0,1553,3389.0,1553
guoq,rd84_142,511,154,265,116,48.14,24.68,2050.0,OK,278.0,129,275.0,126,267.0,118,265.0,116,265.0,116,265.0,116,265.0,116,265.0,116,265.0,116,265.0,116,265.0,116,265.0,116,265.0,116,265.0,116,265.0,116
guoq,rd84_253,20778,5960,9524,4779,54.16,19.82,4392.0,OK,10233.0,5488,10233.0,5488,10233.0,5488,10233.0,5488,10233.0,5488,10233.0,5488,10233.0,5488,10233.0,5488,10233.0,5488,10228.0,5483,10228.0,5483,9873.0,5128,9525.0,4780,9524.0,4779,9524.0,4779
guoq,root_255,26007,7493,11895,5975,54.26,20.26,4097.1,OK,12781.0,6857,12781.0,6857,12781.0,6857,12781.0,6857,12781.0,6857,12781.0,6857,12781.0,6857,12781.0,6857,12781.0,6857,12781.0,6857,12781.0,6857,12771.0,6848,12323.0,6403,12323.0,6403,11895.0,5975
guoq,sao2_257,58105,16864,28793,15628,50.45,7.33,3301.2,OK,28793.0,15628,28793.0,15628,28793.0,15628,28793.0,15628,28793.0,15628,28793.0,15628,28793.0,15628,28793.0,15628,28793.0,15628,28793.0,15628,28793.0,15628,28793.0,15628,28793.0,15628,28793.0,15628,28793.0,15628
guoq,sf_274,1269,336,553,230,56.42,31.55,2730.0,OK,605.0,282,604.0,281,557.0,234,557.0,234,557.0,234,557.0,234,557.0,234,557.0,234,556.0,233,556.0,233,555.0,232,553.0,230,553.0,230,553.0,230,553.0,230
guoq,sf_276,1242,336,548,235,55.88,30.06,2764.0,OK,597.0,284,597.0,284,549.0,236,549.0,236,549.0,236,549.0,236,549.0,236,549.0,236,549.0,236,549.0,236,549.0,236,548.0,235,548.0,235,548.0,235,548.0,235
guoq,shor_15_7,36598,14858,31100,12814,15.02,13.76,3344.5,OK,31100.0,12814,31100.0,12814,31100.0,12814,31100.0,12814,31100.0,12814,31100.0,12814,31100.0,12814,31100.0,12814,31100.0,12814,31100.0,12814,31100.0,12814,31100.0,12814,31100.0,12814,31100.0,12814,31100.0,12814
guoq,sqn_258,15567,4459,7295,3627,53.14,18.66,4180.0,OK,7763.0,4095,7763.0,4095,7763.0,4095,7763.0,4095,7763.0,4095,7763.0,4095,7763.0,4095,7761.0,4093,7761.0,4093,7531.0,3863,7332.0,3664,7299.0,3631,7297.0,3629,7295.0,3627,7295.0,3627
guoq,sqrt8_260,4601,1314,1934,881,57.97,32.95,5776.0,OK,2261.0,1198,2245.0,1191,2169.0,1116,2093.0,1040,2091.0,1038,2091.0,1038,2090.0,1037,2090.0,1037,1977.0,924,1934.0,881,1934.0,881,1934.0,881,1934.0,881,1934.0,881,1934.0,881
guoq,squar5_261,3049,869,1228,557,59.72,35.90,4094.0,OK,1440.0,769,1343.0,672,1329.0,658,1329.0,658,1328.0,657,1255.0,584,1231.0,560,1231.0,560,1231.0,560,1231.0,560,1231.0,560,1231.0,560,1230.0,559,1228.0,557,1228.0,557
guoq,square_root_7,13330,3089,4582,1834,65.63,40.63,3880.0,OK,5664.0,2845,5664.0,2845,5664.0,2845,5662.0,2845,5225.0,2429,5105.0,2309,4718.0,1922,4630.0,1834,4630.0,1834,4630.0,1834,4630.0,1834,4630.0,1834,4588.0,1834,4582.0,1834,4582.0,1834
guoq,sym10_262,97107,28084,48024,25852,50.55,7.95,2829.1,OK,48024.0,25852,48024.0,25852,48024.0,25852,48024.0,25852,48024.0,25852,48024.0,25852,48024.0,25852,48024.0,25852,48024.0,25852,48024.0,25852,48024.0,25852,48024.0,25852,48024.0,25852,48024.0,25852,48024.0,25852
guoq,sym6_145,5832,1701,2376,1120,59.26,34.16,6802.0,OK,2829.0,1573,2829.0,1573,2776.0,1520,2592.0,1336,2586.0,1330,2586.0,1330,2586.0,1330,2586.0,1330,2586.0,1330,2443.0,1187,2376.0,1120,2376.0,1120,2376.0,1120,2376.0,1120,2376.0,1120
guoq,sym6_316,422,123,207,86,50.95,30.08,2050.0,OK,217.0,96,215.0,94,214.0,93,211.0,90,210.0,89,210.0,89,209.0,88,209.0,88,209.0,88,209.0,88,209.0,88,208.0,87,208.0,87,207.0,86,207.0,86
guoq,sym9_146,488,148,255,114,47.75,22.97,2294.0,OK,269.0,128,268.0,127,259.0,118,257.0,116,256.0,115,255.0,114,255.0,114,255.0,114,255.0,114,255.0,114,255.0,114,255.0,114,255.0,114,255.0,114,255.0,114
guoq,sym9_148,32256,9408,14751,7932,54.27,15.69,3581.3,OK,15419.0,8600,15419.0,8600,15419.0,8600,15419.0,8600,15419.0,8600,15419.0,8600,15419.0,8600,15419.0,8600,15419.0,8600,15419.0,8600,15419.0,8600,15419.0,8600,15416.0,8597,15416.0,8597,14751.0,7932
guoq,sym9_193,52809,15232,26103,14022,50.57,7.94,2810.6,OK,26103.0,14022,26103.0,14022,26103.0,14022,26103.0,14022,26103.0,14022,26103.0,14022,26103.0,14022,26103.0,14022,26103.0,14022,26103.0,14022,26103.0,14022,26103.0,14022,26103.0,14022,26103.0,14022,26103.0,14022
guoq,sys6-v0_111,319,98,164,71,48.59,27.55,1800.0,OK,171.0,78,165.0,72,165.0,72,165.0,72,165.0,72,165.0,72,164.0,71,164.0,71,164.0,71,164.0,71,164.0,71,164.0,71,164.0,71,164.0,71,164.0,71
guoq,tof_10,255,102,215,86,15.69,15.69,2040.0,OK,215.0,86,215.0,86,215.0,86,215.0,86,215.0,86,215.0,86,215.0,86,215.0,86,215.0,86,215.0,86,215.0,86,215.0,86,215.0,86,215.0,86,215.0,86
guoq,tof_3,45,18,40,16,11.11,11.11,658.0,OK,40.0,16,40.0,16,40.0,16,40.0,16,40.0,16,40.0,16,40.0,16,40.0,16,40.0,16,40.0,16,40.0,16,40.0,16,40.0,16,40.0,16,40.0,16
guoq,tof_4,75,30,65,26,13.33,13.33,1136.0,OK,65.0,26,65.0,26,65.0,26,65.0,26,65.0,26,65.0,26,65.0,26,65.0,26,65.0,26,65.0,26,65.0,26,65.0,26,65.0,26,65.0,26,65.0,26
guoq,tof_5,105,42,90,36,14.29,14.29,1282.0,OK,90.0,36,90.0,36,90.0,36,90.0,36,90.0,36,90.0,36,90.0,36,90.0,36,90.0,36,90.0,36,90.0,36,90.0,36,90.0,36,90.0,36,90.0,36
guoq,urf1_149,277296,80878,134175,70090,51.61,13.34,1993.8,OK,134376.0,70090,134175.0,70090,134175.0,70090,134175.0,70090,134175.0,70090,134175.0,70090,134175.0,70090,134175.0,70090,134175.0,70090,134175.0,70090,134175.0,70090,134175.0,70090,134175.0,70090,134175.0,70090,134175.0,70090
guoq,urf1_278,82494,26692,47230,25308,42.75,5.19,2780.3,OK,47230.0,25308,47230.0,25308,47230.0,25308,47230.0,25308,47230.0,25308,47230.0,25308,47230.0,25308,47230.0,25308,47230.0,25308,47230.0,25308,47230.0,25308,47230.0,25308,47230.0,25308,47230.0,25308,47230.0,25308
guoq,urf2_152,120720,35210,59350,30692,50.84,12.83,2720.8,OK,59350.0,30692,59350.0,30692,59350.0,30692,59350.0,30692,59350.0,30692,59350.0,30692,59350.0,30692,59350.0,30692,59350.0,30692,59350.0,30692,59350.0,30692,59350.0,30692,59350.0,30692,59350.0,30692,59350.0,30692
guoq,urf2_277,30016,10066,18008,9665,40.01,3.98,3569.8,OK,18065.0,9716,18065.0,9716,18065.0,9716,18065.0,9716,18065.0,9716,18065.0,9716,18065.0,9716,18065.0,9716,18065.0,9716,18065.0,9716,18065.0,9716,18065.0,9716,18065.0,9716,18008.0,9665,18008.0,9665
guoq,urf3_155,635232,185276,303850,160148,52.17,13.56,2111.4,OK,304248.0,160148,304248.0,160148,304248.0,160148,303850.0,160148,303850.0,160148,303850.0,160148,303850.0,160148,303850.0,160148,303850.0,160148,303850.0,160148,303850.0,160148,303850.0,160148,303850.0,160148,303850.0,160148,303850.0,160148
guoq,urf3_279,189986,60380,107082,57152,43.64,5.35,2277.6,OK,107149.0,57152,107082.0,57152,107082.0,57152,107082.0,57152,107082.0,57152,107082.0,57152,107082.0,57152,107082.0,57152,107082.0,57152,107082.0,57152,107082.0,57152,107082.0,57152,107082.0,57152,107082.0,57152,107082.0,57152
guoq,urf4_187,768096,224028,373409,200312,51.39,10.59,2361.8,OK,373743.0,200312,373743.0,200312,373743.0,200312,373409.0,200312,373409.0,200312,373409.0,200312,373409.0,200312,373409.0,200312,373409.0,200312,373409.0,200312,373409.0,200312,373409.0,200312,373409.0,200312,373409.0,200312,373409.0,200312
guoq,urf5_158,246624,71932,117591,62422,52.32,13.22,2173.6,OK,117773.0,62422,117591.0,62422,117591.0,62422,117591.0,62422,117591.0,62422,117591.0,62422,117591.0,62422,117591.0,62422,117591.0,62422,117591.0,62422,117591.0,62422,117591.0,62422,117591.0,62422,117591.0,62422,117591.0,62422
guoq,urf5_280,75309,23764,42464,22462,43.61,5.48,3318.9,OK,42464.0,22462,42464.0,22462,42464.0,22462,42464.0,22462,42464.0,22462,42464.0,22462,42464.0,22462,42464.0,22462,42464.0,22462,42464.0,22462,42464.0,22462,42464.0,22462,42464.0,22462,42464.0,22462,42464.0,22462
guoq,urf6_160,257760,75180,117589,64148,54.38,14.67,2086.9,OK,117738.0,64148,117589.0,64148,117589.0,64148,117589.0,64148,117589.0,64148,117589.0,64148,117589.0,64148,117589.0,64148,117589.0,64148,117589.0,64148,117589.0,64148,117589.0,64148,117589.0,64148,117589.0,64148,117589.0,64148
guoq,vbe_adder_3,150,70,85,38,43.33,45.71,1448.0,OK,85.0,38,85.0,38,85.0,38,85.0,38,85.0,38,85.0,38,85.0,38,85.0,38,85.0,38,85.0,38,85.0,38,85.0,38,85.0,38,85.0,38,85.0,38
guoq,vqe_4,857,74,375,66,56.24,10.81,2148.0,OK,383.0,74,381.0,72,379.0,70,377.0,68,377.0,68,377.0,68,377.0,68,376.0,67,376.0,67,376.0,67,375.0,66,375.0,66,375.0,66,375.0,66,375.0,66
guoq,vqe_nativegates_ibm_tket_8,703,14,204,14,70.98,0.00,910.0,OK,204.0,14,204.0,14,204.0,14,204.0,14,204.0,14,204.0,14,204.0,14,204.0,14,204.0,14,204.0,14,204.0,14,204.0,14,204.0,14,204.0,14,204.0,14
guoq,vqe_uccsd_n4,892,88,291,67,67.38,23.86,1910.0,OK,319.0,82,312.0,75,311.0,74,311.0,74,311.0,74,308.0,71,307.0,70,307.0,70,307.0,70,305.0,68,305.0,68,299.0,68,292.0,68,291.0,67,291.0,67
guoq,vqe_uccsd_n6,8762,1052,3112,871,64.48,17.21,7318.0,OK,3281.0,1036,3281.0,1036,3281.0,1036,3281.0,1036,3281.0,1036,3281.0,1036,3281.0,1036,3281.0,1036,3281.0,1036,3281.0,1036,3281.0,1036,3224.0,979,3162.0,919,3134.0,893,3112.0,871
guoq,vqe_uccsd_n8,39032,5488,15113,5382,61.28,1.93,4760.0,OK,15127.0,5396,15127.0,5396,15127.0,5396,15127.0,5396,15127.0,5396,15127.0,5396,15113.0,5382,15113.0,5382,15113.0,5382,15113.0,5382,15113.0,5382,15113.0,5382,15113.0,5382,15113.0,5382,15113.0,5382
guoq,wim_266,1554,427,654,277,57.92,35.13,3198.0,OK,716.0,339,716.0,339,676.0,299,660.0,283,660.0,283,660.0,283,660.0,283,660.0,283,660.0,283,657.0,280,657.0,280,655.0,278,655.0,278,654.0,277,654.0,277
guoq,xor5_254,23,5,15,5,34.78,0.00,14.0,OK,15.0,5,15.0,5,15.0,5,15.0,5,15.0,5,15.0,5,15.0,5,15.0,5,15.0,5,15.0,5,15.0,5,15.0,5,15.0,5,15.0,5,15.0,5
guoq,z4_268,4689,1343,1976,904,57.86,32.69,5648.0,OK,2309.0,1237,2309.0,1237,2304.0,1232,2225.0,1153,2147.0,1075,2146.0,1074,2146.0,1074,2146.0,1074,2146.0,1074,2034.0,962,1977.0,905,1976.0,904,1976.0,904,1976.0,904,1976.0,904
