source,circuit,orig_total,orig_cx,orig_weighted,opt_total,opt_cx,opt_weighted,total_reduction_pct,cx_reduction_pct,weighted_reduction_pct,peak_rss_mb,status,total_t10,cx_t10,weighted_t10,total_t30,cx_t30,weighted_t30,total_t60,cx_t60,weighted_t60,total_t120,cx_t120,weighted_t120,total_t180,cx_t180,weighted_t180,total_t240,cx_t240,weighted_t240,total_t360,cx_t360,weighted_t360,total_t480,cx_t480,weighted_t480,total_t600,cx_t600,weighted_t600,total_t900,cx_t900,weighted_t900,total_t1200,cx_t1200,weighted_t1200,total_t1800,cx_t1800,weighted_t1800,total_t2400,cx_t2400,weighted_t2400,total_t3000,cx_t3000,weighted_t3000,total_t3600,cx_t3600,weighted_t3600
guoq,0410184_169,363,104,1299,198,78,900,45.45,25.00,30.72,2551.8,OK,209,89,1010.0,203,83,950.0,203,83,950.0,203,81,932.0,200,80,920.0,200,80,920.0,200,80,920.0,200,80,920.0,199,79,910.0,199,79,910.0,199,79,910.0,199,79,910.0,198,78,900.0,198,78,900.0,198,78,900.0
guoq,3_17_13,60,17,213,37,15,172,38.33,11.76,19.25,18.5,OK,37,15,172.0,37,15,172.0,37,15,172.0,37,15,172.0,37,15,172.0,37,15,172.0,37,15,172.0,37,15,172.0,37,15,172.0,37,15,172.0,37,15,172.0,37,15,172.0,37,15,172.0,37,15,172.0,37,15,172.0
guoq,4_49_16,329,99,1220,160,66,754,51.37,33.33,38.20,2308.6,OK,168,74,834.0,165,71,804.0,161,67,764.0,160,66,754.0,160,66,754.0,160,66,754.0,160,66,754.0,160,66,754.0,160,66,754.0,160,66,754.0,160,66,754.0,160,66,754.0,160,66,754.0,160,66,754.0,160,66,754.0
guoq,4gt10-v1_81,228,66,822,112,42,490,50.88,36.36,40.39,2008.4,OK,116,48,548.0,116,48,548.0,113,45,518.0,113,45,518.0,113,45,518.0,112,44,508.0,112,44,508.0,112,44,508.0,112,44,508.0,113,43,500.0,113,43,500.0,113,43,500.0,113,43,500.0,113,43,500.0,112,42,490.0
guoq,4gt11_83,31,14,157,22,13,139,29.03,7.14,11.46,17.4,OK,22,13,139.0,22,13,139.0,22,13,139.0,22,13,139.0,22,13,139.0,22,13,139.0,22,13,139.0,22,13,139.0,22,13,139.0,22,13,139.0,22,13,139.0,22,13,139.0,22,13,139.0,22,13,139.0,22,13,139.0
guoq,4gt11_84,26,9,107,17,8,89,34.62,11.11,16.82,17.5,OK,17,8,89.0,17,8,89.0,17,8,89.0,17,8,89.0,17,8,89.0,17,8,89.0,17,8,89.0,17,8,89.0,17,8,89.0,17,8,89.0,17,8,89.0,17,8,89.0,17,8,89.0,17,8,89.0,17,8,89.0
guoq,4gt12-v0_86,371,116,1415,163,74,829,56.06,36.21,41.41,2268.4,OK,169,80,889.0,168,79,879.0,168,79,879.0,167,78,869.0,167,78,869.0,167,78,869.0,166,77,859.0,166,77,859.0,166,77,859.0,165,76,849.0,164,75,839.0,163,74,829.0,163,74,829.0,163,74,829.0,163,74,829.0
guoq,4gt12-v0_87,367,112,1375,161,72,809,56.13,35.71,41.16,2362.5,OK,168,79,879.0,166,77,859.0,166,77,859.0,164,75,839.0,164,75,839.0,164,75,839.0,163,74,829.0,163,74,829.0,163,74,829.0,162,73,819.0,161,72,809.0,161,72,809.0,161,72,809.0,161,72,809.0,161,72,809.0
guoq,4gt12-v0_88,290,86,1064,139,61,688,52.07,29.07,35.34,1678.2,OK,140,62,698.0,140,62,698.0,139,61,688.0,139,61,688.0,139,61,688.0,139,61,688.0,139,61,688.0,139,61,688.0,139,61,688.0,139,61,688.0,139,61,688.0,139,61,688.0,139,61,688.0,139,61,688.0,139,61,688.0
guoq,4gt12-v1_89,356,100,1256,163,70,793,54.21,30.00,36.86,1992.2,OK,165,72,813.0,165,72,813.0,165,72,813.0,165,72,813.0,165,72,813.0,164,71,803.0,163,70,793.0,163,70,793.0,163,70,793.0,163,70,793.0,163,70,793.0,163,70,793.0,163,70,793.0,163,70,793.0,163,70,793.0
guoq,4gt13-v1_93,116,30,386,60,22,258,48.28,26.67,33.16,455.6,OK,60,22,258.0,60,22,258.0,60,22,258.0,60,22,258.0,60,22,258.0,60,22,258.0,60,22,258.0,60,22,258.0,60,22,258.0,60,22,258.0,60,22,258.0,60,22,258.0,60,22,258.0,60,22,258.0,60,22,258.0
guoq,4gt13_90,155,53,632,61,29,322,60.65,45.28,49.05,1661.6,OK,67,33,364.0,67,33,364.0,67,33,364.0,67,33,364.0,65,31,344.0,65,31,344.0,64,30,334.0,64,30,334.0,63,29,324.0,63,29,324.0,62,29,323.0,61,29,322.0,61,29,322.0,61,29,322.0,61,29,322.0
guoq,4gt13_91,151,49,592,59,25,284,60.93,48.98,52.03,2090.3,OK,65,31,344.0,63,29,324.0,63,29,324.0,62,28,314.0,62,28,314.0,62,28,314.0,62,28,314.0,59,25,284.0,59,25,284.0,59,25,284.0,59,25,284.0,59,25,284.0,59,25,284.0,59,25,284.0,59,25,284.0
guoq,4gt13_92,98,30,368,50,22,248,48.98,26.67,32.61,376.5,OK,50,22,248.0,50,22,248.0,50,22,248.0,50,22,248.0,50,22,248.0,50,22,248.0,50,22,248.0,50,22,248.0,50,22,248.0,50,22,248.0,50,22,248.0,50,22,248.0,50,22,248.0,50,22,248.0,50,22,248.0
guoq,4gt4-v0_72,394,113,1411,167,73,824,57.61,35.40,41.60,1773.9,OK,167,73,824.0,167,73,824.0,167,73,824.0,167,73,824.0,167,73,824.0,167,73,824.0,167,73,824.0,167,73,824.0,167,73,824.0,167,73,824.0,167,73,824.0,167,73,824.0,167,73,824.0,167,73,824.0,167,73,824.0
guoq,4gt4-v0_73,587,179,2198,243,112,1251,58.60,37.43,43.08,3247.7,OK,267,136,1491.0,248,117,1301.0,248,117,1301.0,248,117,1301.0,248,117,1301.0,248,117,1301.0,248,117,1301.0,248,117,1301.0,249,116,1293.0,245,114,1271.0,244,113,1261.0,244,113,1261.0,244,113,1261.0,244,113,1261.0,243,112,1251.0
guoq,4gt4-v0_78,347,109,1328,155,70,785,55.33,35.78,40.89,2278.6,OK,161,76,845.0,160,75,835.0,159,74,825.0,159,74,825.0,159,74,825.0,159,74,825.0,158,73,815.0,158,73,815.0,158,73,815.0,158,73,815.0,158,73,815.0,158,73,815.0,158,73,815.0,156,71,795.0,155,70,785.0
guoq,4gt4-v0_79,343,105,1288,154,69,775,55.10,34.29,39.83,2236.9,OK,158,73,815.0,157,72,805.0,156,71,795.0,156,71,795.0,156,71,795.0,156,71,795.0,156,71,795.0,155,70,785.0,155,70,785.0,155,70,785.0,154,69,775.0,154,69,775.0,154,69,775.0,154,69,775.0,154,69,775.0
guoq,4gt4-v0_80,275,79,986,133,57,646,51.64,27.85,34.48,1617.6,OK,134,58,656.0,134,58,656.0,134,58,656.0,134,58,656.0,134,58,656.0,134,58,656.0,134,58,656.0,134,58,656.0,134,58,656.0,134,58,656.0,134,58,656.0,134,58,656.0,133,57,646.0,133,57,646.0,133,57,646.0
guoq,4gt4-v1_74,417,119,1488,200,85,965,52.04,28.57,35.15,2109.5,OK,203,88,995.0,203,88,995.0,203,88,995.0,202,87,985.0,202,87,985.0,201,86,975.0,201,86,975.0,201,86,975.0,201,86,975.0,201,86,975.0,201,86,975.0,201,86,975.0,201,86,975.0,200,85,965.0,200,85,965.0
guoq,4gt5_76,131,46,545,56,25,281,57.25,45.65,48.44,1913.5,OK,64,33,361.0,59,28,311.0,59,28,311.0,59,28,311.0,58,27,301.0,58,27,301.0,57,26,291.0,57,26,291.0,57,26,291.0,57,26,291.0,56,25,281.0,56,25,281.0,56,25,281.0,56,25,281.0,56,25,281.0
guoq,4gt5_77,203,58,725,97,38,439,52.22,34.48,39.45,1907.6,OK,101,42,479.0,99,40,459.0,99,40,459.0,99,40,459.0,99,40,459.0,99,40,459.0,99,40,459.0,98,39,449.0,98,39,449.0,97,38,439.0,97,38,439.0,97,38,439.0,97,38,439.0,97,38,439.0,97,38,439.0
guoq,4mod5-bdd_287,126,31,405,66,23,273,47.62,25.81,32.59,1228.9,OK,66,23,273.0,66,23,273.0,66,23,273.0,66,23,273.0,66,23,273.0,66,23,273.0,66,23,273.0,66,23,273.0,66,23,273.0,66,23,273.0,66,23,273.0,66,23,273.0,66,23,273.0,66,23,273.0,66,23,273.0
guoq,4mod5-v0_18,117,31,396,40,13,157,65.81,58.06,60.35,1516.4,OK,40,13,157.0,40,13,157.0,40,13,157.0,40,13,157.0,40,13,157.0,40,13,157.0,40,13,157.0,40,13,157.0,40,13,157.0,40,13,157.0,40,13,157.0,40,13,157.0,40,13,157.0,40,13,157.0,40,13,157.0
guoq,4mod5-v0_19,59,16,203,30,12,138,49.15,25.00,32.02,18.8,OK,30,12,138.0,30,12,138.0,30,12,138.0,30,12,138.0,30,12,138.0,30,12,138.0,30,12,138.0,30,12,138.0,30,12,138.0,30,12,138.0,30,12,138.0,30,12,138.0,30,12,138.0,30,12,138.0,30,12,138.0
guoq,4mod5-v0_20,36,10,126,23,9,104,36.11,10.00,17.46,18.3,OK,23,9,104.0,23,9,104.0,23,9,104.0,23,9,104.0,23,9,104.0,23,9,104.0,23,9,104.0,23,9,104.0,23,9,104.0,23,9,104.0,23,9,104.0,23,9,104.0,23,9,104.0,23,9,104.0,23,9,104.0
guoq,4mod5-v1_22,37,11,136,22,8,94,40.54,27.27,30.88,272.2,OK,22,8,94.0,22,8,94.0,22,8,94.0,22,8,94.0,22,8,94.0,22,8,94.0,22,8,94.0,22,8,94.0,22,8,94.0,22,8,94.0,22,8,94.0,22,8,94.0,22,8,94.0,22,8,94.0,22,8,94.0
guoq,4mod5-v1_23,109,32,397,42,18,204,61.47,43.75,48.61,1089.4,OK,43,19,214.0,42,18,204.0,42,18,204.0,42,18,204.0,42,18,204.0,42,18,204.0,42,18,204.0,42,18,204.0,42,18,204.0,42,18,204.0,42,18,204.0,42,18,204.0,42,18,204.0,42,18,204.0,42,18,204.0
guoq,4mod5-v1_24,68,16,212,40,14,166,41.18,12.50,21.70,18.7,OK,40,14,166.0,40,14,166.0,40,14,166.0,40,14,166.0,40,14,166.0,40,14,166.0,40,14,166.0,40,14,166.0,40,14,166.0,40,14,166.0,40,14,166.0,40,14,166.0,40,14,166.0,40,14,166.0,40,14,166.0
guoq,4mod7-v0_94,242,72,890,101,42,479,58.26,41.67,46.18,1983.7,OK,104,45,509.0,102,43,489.0,101,42,479.0,101,42,479.0,101,42,479.0,101,42,479.0,101,42,479.0,101,42,479.0,101,42,479.0,101,42,479.0,101,42,479.0,101,42,479.0,101,42,479.0,101,42,479.0,101,42,479.0
guoq,4mod7-v1_96,260,72,908,119,46,533,54.23,36.11,41.30,1957.1,OK,121,48,553.0,120,47,543.0,119,46,533.0,119,46,533.0,119,46,533.0,119,46,533.0,119,46,533.0,119,46,533.0,119,46,533.0,119,46,533.0,119,46,533.0,119,46,533.0,119,46,533.0,119,46,533.0,119,46,533.0
guoq,9symml_195,52809,15232,189897,26103,14022,152301,50.57,7.94,19.80,3557.7,OK,26103,14022,152301.0,26103,14022,152301.0,26103,14022,152301.0,26103,14022,152301.0,26103,14022,152301.0,26103,14022,152301.0,26103,14022,152301.0,26103,14022,152301.0,26103,14022,152301.0,26103,14022,152301.0,26103,14022,152301.0,26103,14022,152301.0,26103,14022,152301.0,26103,14022,152301.0,26103,14022,152301.0
guoq,C17_204,707,205,2552,301,131,1480,57.43,36.10,42.01,2816.8,OK,335,165,1820.0,307,137,1540.0,307,137,1540.0,307,137,1540.0,307,137,1540.0,307,137,1540.0,307,137,1540.0,307,137,1540.0,306,136,1530.0,306,136,1530.0,305,135,1520.0,302,132,1490.0,301,131,1480.0,301,131,1480.0,301,131,1480.0
guoq,TFIM_step_100_16,6240,240,8400,2656,240,4816,57.44,0.00,42.67,8182.7,OK,2656,240,4816.0,2656,240,4816.0,2656,240,4816.0,2656,240,4816.0,2656,240,4816.0,2656,240,4816.0,2656,240,4816.0,2656,240,4816.0,2656,240,4816.0,2656,240,4816.0,2656,240,4816.0,2656,240,4816.0,2656,240,4816.0,2656,240,4816.0,2656,240,4816.0
guoq,TFIM_step_100_32,25792,992,34720,10899,992,19827,57.74,0.00,42.89,2588.4,OK,10927,992,19855.0,10927,992,19855.0,10927,992,19855.0,10927,992,19855.0,10927,992,19855.0,10927,992,19855.0,10927,992,19855.0,10927,992,19855.0,10927,992,19855.0,10927,992,19855.0,10927,992,19855.0,10927,992,19855.0,10927,992,19855.0,10927,992,19855.0,10899,992,19827.0
guoq,TFIM_step_100_4,312,12,420,136,12,244,56.41,0.00,41.90,486.9,OK,136,12,244.0,136,12,244.0,136,12,244.0,136,12,244.0,136,12,244.0,136,12,244.0,136,12,244.0,136,12,244.0,136,12,244.0,136,12,244.0,136,12,244.0,136,12,244.0,136,12,244.0,136,12,244.0,136,12,244.0
guoq,TFIM_step_100_8,1456,56,1960,624,56,1128,57.14,0.00,42.45,3172.9,OK,624,56,1128.0,624,56,1128.0,624,56,1128.0,624,56,1128.0,624,56,1128.0,624,56,1128.0,624,56,1128.0,624,56,1128.0,624,56,1128.0,624,56,1128.0,624,56,1128.0,624,56,1128.0,624,56,1128.0,624,56,1128.0,624,56,1128.0
guoq,TFIM_step_10_4,312,12,420,136,12,244,56.41,0.00,41.90,514.9,OK,136,12,244.0,136,12,244.0,136,12,244.0,136,12,244.0,136,12,244.0,136,12,244.0,136,12,244.0,136,12,244.0,136,12,244.0,136,12,244.0,136,12,244.0,136,12,244.0,136,12,244.0,136,12,244.0,136,12,244.0
guoq,TFIM_step_20_4,312,12,420,136,12,244,56.41,0.00,41.90,517.9,OK,136,12,244.0,136,12,244.0,136,12,244.0,136,12,244.0,136,12,244.0,136,12,244.0,136,12,244.0,136,12,244.0,136,12,244.0,136,12,244.0,136,12,244.0,136,12,244.0,136,12,244.0,136,12,244.0,136,12,244.0
guoq,TFIM_step_30_4,312,12,420,136,12,244,56.41,0.00,41.90,483.1,OK,136,12,244.0,136,12,244.0,136,12,244.0,136,12,244.0,136,12,244.0,136,12,244.0,136,12,244.0,136,12,244.0,136,12,244.0,136,12,244.0,136,12,244.0,136,12,244.0,136,12,244.0,136,12,244.0,136,12,244.0
guoq,TFIM_step_40_4,312,12,420,136,12,244,56.41,0.00,41.90,482.7,OK,136,12,244.0,136,12,244.0,136,12,244.0,136,12,244.0,136,12,244.0,136,12,244.0,136,12,244.0,136,12,244.0,136,12,244.0,136,12,244.0,136,12,244.0,136,12,244.0,136,12,244.0,136,12,244.0,136,12,244.0
guoq,TFIM_step_50_4,312,12,420,136,12,244,56.41,0.00,41.90,511.1,OK,136,12,244.0,136,12,244.0,136,12,244.0,136,12,244.0,136,12,244.0,136,12,244.0,136,12,244.0,136,12,244.0,136,12,244.0,136,12,244.0,136,12,244.0,136,12,244.0,136,12,244.0,136,12,244.0,136,12,244.0
guoq,TFIM_step_60_4,312,12,420,136,12,244,56.41,0.00,41.90,508.2,OK,136,12,244.0,136,12,244.0,136,12,244.0,136,12,244.0,136,12,244.0,136,12,244.0,136,12,244.0,136,12,244.0,136,12,244.0,136,12,244.0,136,12,244.0,136,12,244.0,136,12,244.0,136,12,244.0,136,12,244.0
guoq,TFIM_step_70_4,312,12,420,136,12,244,56.41,0.00,41.90,484.8,OK,136,12,244.0,136,12,244.0,136,12,244.0,136,12,244.0,136,12,244.0,136,12,244.0,136,12,244.0,136,12,244.0,136,12,244.0,136,12,244.0,136,12,244.0,136,12,244.0,136,12,244.0,136,12,244.0,136,12,244.0
guoq,TFIM_step_80_4,312,12,420,136,12,244,56.41,0.00,41.90,510.3,OK,136,12,244.0,136,12,244.0,136,12,244.0,136,12,244.0,136,12,244.0,136,12,244.0,136,12,244.0,136,12,244.0,136,12,244.0,136,12,244.0,136,12,244.0,136,12,244.0,136,12,244.0,136,12,244.0,136,12,244.0
guoq,TFIM_step_90_4,312,12,420,136,12,244,56.41,0.00,41.90,483.3,OK,136,12,244.0,136,12,244.0,136,12,244.0,136,12,244.0,136,12,244.0,136,12,244.0,136,12,244.0,136,12,244.0,136,12,244.0,136,12,244.0,136,12,244.0,136,12,244.0,136,12,244.0,136,12,244.0,136,12,244.0
guoq,XY_step_100_4,288,12,396,128,12,236,55.56,0.00,40.40,483.7,OK,128,12,236.0,128,12,236.0,128,12,236.0,128,12,236.0,128,12,236.0,128,12,236.0,128,12,236.0,128,12,236.0,128,12,236.0,128,12,236.0,128,12,236.0,128,12,236.0,128,12,236.0,128,12,236.0,128,12,236.0
guoq,XY_step_100_8,1344,56,1848,608,56,1112,54.76,0.00,39.83,3014.2,OK,608,56,1112.0,608,56,1112.0,608,56,1112.0,608,56,1112.0,608,56,1112.0,608,56,1112.0,608,56,1112.0,608,56,1112.0,608,56,1112.0,608,56,1112.0,608,56,1112.0,608,56,1112.0,608,56,1112.0,608,56,1112.0,608,56,1112.0
guoq,adder_4,267,24,483,103,19,274,61.42,20.83,43.27,428.2,OK,103,19,274.0,103,19,274.0,103,19,274.0,103,19,274.0,103,19,274.0,103,19,274.0,103,19,274.0,103,19,274.0,103,19,274.0,103,19,274.0,103,19,274.0,103,19,274.0,103,19,274.0,103,19,274.0,103,19,274.0
guoq,adder_8,900,409,4581,590,273,3047,34.44,33.25,33.49,3856.2,OK,656,313,3473.0,651,308,3423.0,615,292,3243.0,610,287,3193.0,605,282,3143.0,605,282,3143.0,605,282,3143.0,605,282,3143.0,605,282,3143.0,605,282,3143.0,606,280,3126.0,604,280,3124.0,594,274,3060.0,593,273,3050.0,590,273,3047.0
guoq,adder_9,226,98,1108,72,25,297,68.14,74.49,73.19,1583.5,OK,75,28,327.0,73,26,307.0,73,26,307.0,73,26,307.0,73,26,307.0,73,26,307.0,73,26,307.0,72,25,297.0,72,25,297.0,72,25,297.0,72,25,297.0,72,25,297.0,72,25,297.0,72,25,297.0,72,25,297.0
guoq,adr4_197,5271,1498,18753,2164,989,11065,58.95,33.98,41.00,8182.7,OK,2551,1376,14935.0,2551,1376,14935.0,2452,1277,13945.0,2360,1185,13025.0,2353,1178,12955.0,2347,1172,12895.0,2347,1172,12895.0,2347,1172,12895.0,2347,1172,12895.0,2182,1007,11245.0,2164,989,11065.0,2164,989,11065.0,2164,989,11065.0,2164,989,11065.0,2164,989,11065.0
guoq,ae_nativegates_ibm_tket_8,2310,56,2814,537,56,1041,76.75,0.00,63.01,1815.7,OK,537,56,1041.0,537,56,1041.0,537,56,1041.0,537,56,1041.0,537,56,1041.0,537,56,1041.0,537,56,1041.0,537,56,1041.0,537,56,1041.0,537,56,1041.0,537,56,1041.0,537,56,1041.0,537,56,1041.0,537,56,1041.0,537,56,1041.0
guoq,aj-e11_165,231,69,852,116,48,548,49.78,30.43,35.68,1830.8,OK,122,54,608.0,122,54,608.0,119,51,578.0,118,50,568.0,118,50,568.0,118,50,568.0,118,50,568.0,118,50,568.0,118,50,568.0,118,50,568.0,118,50,568.0,118,50,568.0,118,50,568.0,116,48,548.0,116,48,548.0
guoq,alu-bdd_288,132,38,474,62,27,305,53.03,28.95,35.65,619.3,OK,62,27,305.0,62,27,305.0,62,27,305.0,62,27,305.0,62,27,305.0,62,27,305.0,62,27,305.0,62,27,305.0,62,27,305.0,62,27,305.0,62,27,305.0,62,27,305.0,62,27,305.0,62,27,305.0,62,27,305.0
guoq,alu-v0_26,132,38,474,67,28,319,49.24,26.32,32.70,957.4,OK,68,29,329.0,67,28,319.0,67,28,319.0,67,28,319.0,67,28,319.0,67,28,319.0,67,28,319.0,67,28,319.0,67,28,319.0,67,28,319.0,67,28,319.0,67,28,319.0,67,28,319.0,67,28,319.0,67,28,319.0
guoq,alu-v0_27,60,17,213,38,15,173,36.67,11.76,18.78,19.1,OK,38,15,173.0,38,15,173.0,38,15,173.0,38,15,173.0,38,15,173.0,38,15,173.0,38,15,173.0,38,15,173.0,38,15,173.0,38,15,173.0,38,15,173.0,38,15,173.0,38,15,173.0,38,15,173.0,38,15,173.0
guoq,alu-v1_28,61,18,223,38,15,173,37.70,16.67,22.42,25.9,OK,38,15,173.0,38,15,173.0,38,15,173.0,38,15,173.0,38,15,173.0,38,15,173.0,38,15,173.0,38,15,173.0,38,15,173.0,38,15,173.0,38,15,173.0,38,15,173.0,38,15,173.0,38,15,173.0,38,15,173.0
guoq,alu-v1_29,69,17,222,42,15,177,39.13,11.76,20.27,18.8,OK,42,15,177.0,42,15,177.0,42,15,177.0,42,15,177.0,42,15,177.0,42,15,177.0,42,15,177.0,42,15,177.0,42,15,177.0,42,15,177.0,42,15,177.0,42,15,177.0,42,15,177.0,42,15,177.0,42,15,177.0
guoq,alu-v2_30,768,223,2775,360,156,1764,53.12,30.04,36.43,3048.2,OK,397,193,2134.0,366,162,1824.0,366,162,1824.0,366,162,1824.0,366,162,1824.0,366,162,1824.0,366,162,1824.0,366,162,1824.0,365,161,1814.0,363,159,1794.0,363,159,1794.0,362,158,1784.0,362,158,1784.0,361,157,1774.0,360,156,1764.0
guoq,alu-v2_31,683,198,2465,299,126,1433,56.22,36.36,41.87,2702.8,OK,336,163,1803.0,309,136,1533.0,309,136,1533.0,309,136,1533.0,307,134,1513.0,305,132,1493.0,305,132,1493.0,304,131,1483.0,303,130,1473.0,301,128,1453.0,301,128,1453.0,300,127,1443.0,299,126,1433.0,299,126,1433.0,299,126,1433.0
guoq,alu-v2_32,251,72,899,120,49,561,52.19,31.94,37.60,2731.7,OK,122,51,581.0,120,49,561.0,120,49,561.0,120,49,561.0,120,49,561.0,120,49,561.0,120,49,561.0,120,49,561.0,120,49,561.0,120,49,561.0,120,49,561.0,120,49,561.0,120,49,561.0,120,49,561.0,120,49,561.0
guoq,alu-v2_33,69,17,222,43,15,178,37.68,11.76,19.82,22.1,OK,43,15,178.0,43,15,178.0,43,15,178.0,43,15,178.0,43,15,178.0,43,15,178.0,43,15,178.0,43,15,178.0,43,15,178.0,43,15,178.0,43,15,178.0,43,15,178.0,43,15,178.0,43,15,178.0,43,15,178.0
guoq,alu-v3_34,84,24,300,50,20,230,40.48,16.67,23.33,693.3,OK,51,21,240.0,51,21,240.0,51,21,240.0,51,21,240.0,50,20,230.0,50,20,230.0,50,20,230.0,50,20,230.0,50,20,230.0,50,20,230.0,50,20,230.0,50,20,230.0,50,20,230.0,50,20,230.0,50,20,230.0
guoq,alu-v3_35,61,18,223,39,16,183,36.07,11.11,17.94,22.6,OK,39,16,183.0,39,16,183.0,39,16,183.0,39,16,183.0,39,16,183.0,39,16,183.0,39,16,183.0,39,16,183.0,39,16,183.0,39,16,183.0,39,16,183.0,39,16,183.0,39,16,183.0,39,16,183.0,39,16,183.0
guoq,alu-v4_36,179,51,638,80,30,350,55.31,41.18,45.14,1751.3,OK,85,35,400.0,85,35,400.0,84,34,390.0,82,32,370.0,82,32,370.0,81,31,360.0,81,31,360.0,81,31,360.0,80,30,350.0,80,30,350.0,80,30,350.0,80,30,350.0,80,30,350.0,80,30,350.0,80,30,350.0
guoq,alu-v4_37,61,18,223,39,16,183,36.07,11.11,17.94,22.7,OK,39,16,183.0,39,16,183.0,39,16,183.0,39,16,183.0,39,16,183.0,39,16,183.0,39,16,183.0,39,16,183.0,39,16,183.0,39,16,183.0,39,16,183.0,39,16,183.0,39,16,183.0,39,16,183.0,39,16,183.0
guoq,barenco_tof_10,450,192,2178,335,146,1649,25.56,23.96,24.29,3068.1,OK,335,146,1649.0,335,146,1649.0,335,146,1649.0,335,146,1649.0,335,146,1649.0,335,146,1649.0,335,146,1649.0,335,146,1649.0,335,146,1649.0,335,146,1649.0,335,146,1649.0,335,146,1649.0,335,146,1649.0,335,146,1649.0,335,146,1649.0
guoq,barenco_tof_3,58,24,274,46,18,208,20.69,25.00,24.09,883.6,OK,48,20,228.0,46,18,208.0,46,18,208.0,46,18,208.0,46,18,208.0,46,18,208.0,46,18,208.0,46,18,208.0,46,18,208.0,46,18,208.0,46,18,208.0,46,18,208.0,46,18,208.0,46,18,208.0,46,18,208.0
guoq,barenco_tof_4,114,48,546,89,38,431,21.93,20.83,21.06,1358.1,OK,89,38,431.0,89,38,431.0,89,38,431.0,89,38,431.0,89,38,431.0,89,38,431.0,89,38,431.0,89,38,431.0,89,38,431.0,89,38,431.0,89,38,431.0,89,38,431.0,89,38,431.0,89,38,431.0,89,38,431.0
guoq,barenco_tof_5,170,72,818,129,55,624,24.12,23.61,23.72,1651.7,OK,130,56,634.0,130,56,634.0,130,56,634.0,130,56,634.0,130,56,634.0,130,56,634.0,130,56,634.0,130,56,634.0,130,56,634.0,130,56,634.0,130,56,634.0,130,56,634.0,130,56,634.0,130,56,634.0,129,55,624.0
guoq,clip_206,51227,14772,184175,24914,13404,145550,51.37,9.26,20.97,4151.0,OK,24914,13404,145550.0,24914,13404,145550.0,24914,13404,145550.0,24914,13404,145550.0,24914,13404,145550.0,24914,13404,145550.0,24914,13404,145550.0,24914,13404,145550.0,24914,13404,145550.0,24914,13404,145550.0,24914,13404,145550.0,24914,13404,145550.0,24914,13404,145550.0,24914,13404,145550.0,24914,13404,145550.0
guoq,cm152a_212,1869,532,6657,778,347,3901,58.37,34.77,41.40,4427.6,OK,875,444,4871.0,849,418,4611.0,849,418,4611.0,783,352,3951.0,783,352,3951.0,783,352,3951.0,783,352,3951.0,783,352,3951.0,783,352,3951.0,783,352,3951.0,783,352,3951.0,783,352,3951.0,781,350,3931.0,781,350,3931.0,778,347,3901.0
guoq,cm42a_207,2776,771,9715,1161,499,5652,58.18,35.28,41.82,5617.9,OK,1343,681,7472.0,1255,593,6592.0,1255,593,6592.0,1255,593,6592.0,1189,527,5932.0,1161,499,5652.0,1161,499,5652.0,1161,499,5652.0,1161,499,5652.0,1161,499,5652.0,1161,499,5652.0,1161,499,5652.0,1161,499,5652.0,1161,499,5652.0,1161,499,5652.0
guoq,cm82a_208,1026,283,3573,415,177,2008,59.55,37.46,43.80,3143.0,OK,457,219,2428.0,423,185,2088.0,421,183,2068.0,420,182,2058.0,420,182,2058.0,420,182,2058.0,419,181,2048.0,416,178,2018.0,416,178,2018.0,416,178,2018.0,415,177,2008.0,415,177,2008.0,415,177,2008.0,415,177,2008.0,415,177,2008.0
guoq,cm85a_209,17270,4986,62144,7496,3745,41201,56.60,24.89,33.70,4849.5,OK,8217,4466,48411.0,8217,4466,48411.0,8217,4466,48411.0,8217,4466,48411.0,8217,4466,48411.0,8217,4466,48411.0,8217,4466,48411.0,8217,4466,48411.0,8217,4466,48411.0,7873,4122,44971.0,7536,3785,41601.0,7518,3767,41421.0,7496,3745,41201.0,7496,3745,41201.0,7496,3745,41201.0
guoq,cnt3-5_179,255,85,1020,149,64,725,41.57,24.71,28.92,1690.2,OK,150,65,735.0,150,65,735.0,150,65,735.0,150,65,735.0,150,65,735.0,150,65,735.0,150,65,735.0,150,65,735.0,150,65,735.0,150,65,735.0,150,65,735.0,150,65,735.0,149,64,725.0,149,64,725.0,149,64,725.0
guoq,cnt3-5_180,725,215,2660,358,153,1735,50.62,28.84,34.77,2870.7,OK,390,185,2055.0,360,155,1755.0,360,155,1755.0,360,155,1755.0,360,155,1755.0,360,155,1755.0,360,155,1755.0,360,155,1755.0,360,155,1755.0,360,155,1755.0,358,153,1735.0,358,153,1735.0,358,153,1735.0,358,153,1735.0,358,153,1735.0
guoq,co14_215,27024,7840,97584,12787,6737,73420,52.68,14.07,24.76,3998.4,OK,13330,7280,78850.0,13330,7280,78850.0,13330,7280,78850.0,13330,7280,78850.0,13330,7280,78850.0,13330,7280,78850.0,13330,7280,78850.0,13330,7280,78850.0,13330,7280,78850.0,13330,7280,78850.0,13330,7280,78850.0,13328,7278,78830.0,12824,6774,73790.0,12824,6774,73790.0,12787,6737,73420.0
guoq,con1_216,1490,415,5225,629,276,3113,57.79,33.49,40.42,3957.4,OK,687,334,3693.0,687,334,3693.0,650,297,3323.0,635,282,3173.0,635,282,3173.0,635,282,3173.0,635,282,3173.0,635,282,3173.0,635,282,3173.0,635,282,3173.0,635,282,3173.0,633,280,3153.0,632,279,3143.0,629,276,3113.0,629,276,3113.0
guoq,csla_mux_3,170,80,890,143,66,737,15.88,17.50,17.19,2023.4,OK,149,72,797.0,149,72,797.0,149,72,797.0,148,71,787.0,148,71,787.0,148,71,787.0,148,71,787.0,148,71,787.0,148,71,787.0,146,69,767.0,145,68,757.0,145,68,757.0,145,68,757.0,143,66,737.0,143,66,737.0
guoq,csum_mux_9,420,168,1932,262,121,1351,37.62,27.98,30.07,2841.8,OK,280,140,1540.0,280,140,1540.0,280,140,1540.0,284,138,1526.0,277,135,1492.0,276,133,1473.0,272,131,1451.0,272,129,1433.0,268,127,1411.0,267,126,1401.0,268,125,1393.0,263,122,1361.0,262,121,1351.0,262,121,1351.0,262,121,1351.0
guoq,cycle10_2_110,9074,2648,32906,3857,1767,19760,57.49,33.27,39.95,4863.5,OK,4492,2402,26110.0,4492,2402,26110.0,4492,2402,26110.0,4492,2402,26110.0,4490,2400,26090.0,4338,2248,24570.0,4186,2096,23050.0,4181,2091,23000.0,4181,2091,23000.0,4171,2081,22900.0,4171,2081,22900.0,4171,2081,22900.0,3939,1849,20580.0,3939,1849,20580.0,3857,1767,19760.0
guoq,dc1_220,2946,833,10443,1197,539,6048,59.37,35.29,42.09,5743.9,OK,1378,720,7858.0,1298,640,7058.0,1298,640,7058.0,1298,640,7058.0,1238,580,6458.0,1203,545,6108.0,1197,539,6048.0,1197,539,6048.0,1197,539,6048.0,1197,539,6048.0,1197,539,6048.0,1197,539,6048.0,1197,539,6048.0,1197,539,6048.0,1197,539,6048.0
guoq,dc2_222,14350,4131,51529,6427,3190,35137,55.21,22.78,31.81,4756.7,OK,6944,3707,40307.0,6944,3707,40307.0,6944,3707,40307.0,6944,3707,40307.0,6944,3707,40307.0,6944,3707,40307.0,6938,3701,40247.0,6938,3701,40247.0,6684,3447,37707.0,6430,3193,35167.0,6429,3192,35157.0,6427,3190,35137.0,6427,3190,35137.0,6427,3190,35137.0,6427,3190,35137.0
guoq,decod24-bdd_294,145,32,433,70,22,268,51.72,31.25,38.11,1169.6,OK,75,23,282.0,74,22,272.0,74,22,272.0,74,22,272.0,74,22,272.0,74,22,272.0,74,22,272.0,74,22,272.0,74,22,272.0,74,22,272.0,74,22,272.0,70,22,268.0,70,22,268.0,70,22,268.0,70,22,268.0
guoq,decod24-enable_126,506,149,1847,233,99,1124,53.95,33.56,39.14,2587.3,OK,251,117,1304.0,244,110,1234.0,240,106,1194.0,240,106,1194.0,238,104,1174.0,238,104,1174.0,236,102,1154.0,235,101,1144.0,235,101,1144.0,235,101,1144.0,235,101,1144.0,234,100,1134.0,233,99,1124.0,233,99,1124.0,233,99,1124.0
guoq,decod24-v0_38,83,23,290,40,14,166,51.81,39.13,42.76,1047.0,OK,40,14,166.0,40,14,166.0,40,14,166.0,40,14,166.0,40,14,166.0,40,14,166.0,40,14,166.0,40,14,166.0,40,14,166.0,40,14,166.0,40,14,166.0,40,14,166.0,40,14,166.0,40,14,166.0,40,14,166.0
guoq,decod24-v1_41,141,38,483,73,28,325,48.23,26.32,32.71,925.9,OK,74,29,335.0,74,29,335.0,74,29,335.0,74,29,335.0,73,28,325.0,73,28,325.0,73,28,325.0,73,28,325.0,73,28,325.0,73,28,325.0,73,28,325.0,73,28,325.0,73,28,325.0,73,28,325.0,73,28,325.0
guoq,decod24-v2_43,100,22,298,52,15,187,48.00,31.82,37.25,1261.4,OK,52,15,187.0,52,15,187.0,52,15,187.0,52,15,187.0,52,15,187.0,52,15,187.0,52,15,187.0,52,15,187.0,52,15,187.0,52,15,187.0,52,15,187.0,52,15,187.0,52,15,187.0,52,15,187.0,52,15,187.0
guoq,decod24-v3_45,262,64,838,129,45,534,50.76,29.69,36.28,1482.9,OK,131,47,554.0,131,47,554.0,131,47,554.0,131,47,554.0,131,47,554.0,131,47,554.0,130,46,544.0,130,46,544.0,130,46,544.0,129,45,534.0,129,45,534.0,129,45,534.0,129,45,534.0,129,45,534.0,129,45,534.0
guoq,dist_223,57486,16624,207102,28214,15166,164708,50.92,8.77,20.47,3440.8,OK,28214,15166,164708.0,28214,15166,164708.0,28214,15166,164708.0,28214,15166,164708.0,28214,15166,164708.0,28214,15166,164708.0,28214,15166,164708.0,28214,15166,164708.0,28214,15166,164708.0,28214,15166,164708.0,28214,15166,164708.0,28214,15166,164708.0,28214,15166,164708.0,28214,15166,164708.0,28214,15166,164708.0
guoq,ex-1_166,35,9,116,22,8,94,37.14,11.11,18.97,17.7,OK,22,8,94.0,22,8,94.0,22,8,94.0,22,8,94.0,22,8,94.0,22,8,94.0,22,8,94.0,22,8,94.0,22,8,94.0,22,8,94.0,22,8,94.0,22,8,94.0,22,8,94.0,22,8,94.0,22,8,94.0
guoq,ex1_226,23,5,68,15,5,60,34.78,0.00,11.76,18.3,OK,15,5,60.0,15,5,60.0,15,5,60.0,15,5,60.0,15,5,60.0,15,5,60.0,15,5,60.0,15,5,60.0,15,5,60.0,15,5,60.0,15,5,60.0,15,5,60.0,15,5,60.0,15,5,60.0,15,5,60.0
guoq,ex2_227,983,275,3458,418,181,2047,57.48,34.18,40.80,3282.3,OK,464,227,2507.0,435,198,2217.0,427,190,2137.0,427,190,2137.0,427,190,2137.0,427,190,2137.0,427,190,2137.0,425,188,2117.0,425,188,2117.0,424,187,2107.0,423,186,2097.0,422,185,2087.0,421,184,2077.0,421,184,2077.0,418,181,2047.0
guoq,ex3_229,627,175,2202,278,120,1358,55.66,31.43,38.33,2349.3,OK,284,126,1418.0,278,120,1358.0,278,120,1358.0,278,120,1358.0,278,120,1358.0,278,120,1358.0,278,120,1358.0,278,120,1358.0,278,120,1358.0,278,120,1358.0,278,120,1358.0,278,120,1358.0,278,120,1358.0,278,120,1358.0,278,120,1358.0
guoq,f2_232,1854,525,6579,780,343,3867,57.93,34.67,41.22,4303.0,OK,863,430,4733.0,841,408,4513.0,841,408,4513.0,777,344,3873.0,777,344,3873.0,777,344,3873.0,777,344,3873.0,777,344,3873.0,777,344,3873.0,777,344,3873.0,777,344,3873.0,777,344,3873.0,780,343,3867.0,780,343,3867.0,780,343,3867.0
guoq,gf2^10_mult,1347,609,6828,993,536,5817,26.28,11.99,14.81,5224.3,OK,1066,609,6547.0,1066,609,6547.0,993,536,5817.0,993,536,5817.0,993,536,5817.0,993,536,5817.0,993,536,5817.0,993,536,5817.0,993,536,5817.0,993,536,5817.0,993,536,5817.0,993,536,5817.0,993,536,5817.0,993,536,5817.0,993,536,5817.0
guoq,gf2^4_mult,225,99,1116,176,89,977,21.78,10.10,12.46,2134.4,OK,179,92,1007.0,179,92,1007.0,179,92,1007.0,179,92,1007.0,179,92,1007.0,179,92,1007.0,179,92,1007.0,179,92,1007.0,179,92,1007.0,178,91,997.0,176,89,977.0,176,89,977.0,176,89,977.0,176,89,977.0,176,89,977.0
guoq,gf2^5_mult,347,154,1733,270,141,1539,22.19,8.44,11.19,2413.2,OK,270,141,1539.0,270,141,1539.0,270,141,1539.0,270,141,1539.0,270,141,1539.0,270,141,1539.0,270,141,1539.0,270,141,1539.0,270,141,1539.0,270,141,1539.0,270,141,1539.0,270,141,1539.0,270,141,1539.0,270,141,1539.0,270,141,1539.0
guoq,gf2^6_mult,495,221,2484,379,200,2179,23.43,9.50,12.28,2809.7,OK,379,200,2179.0,379,200,2179.0,379,200,2179.0,379,200,2179.0,379,200,2179.0,379,200,2179.0,379,200,2179.0,379,200,2179.0,379,200,2179.0,379,200,2179.0,379,200,2179.0,379,200,2179.0,379,200,2179.0,379,200,2179.0,379,200,2179.0
guoq,gf2^7_mult,669,300,3369,506,269,2927,24.36,10.33,13.12,3411.2,OK,506,269,2927.0,506,269,2927.0,506,269,2927.0,506,269,2927.0,506,269,2927.0,506,269,2927.0,506,269,2927.0,506,269,2927.0,506,269,2927.0,506,269,2927.0,506,269,2927.0,506,269,2927.0,506,269,2927.0,506,269,2927.0,506,269,2927.0
guoq,gf2^8_mult,883,405,4528,659,359,3890,25.37,11.36,14.09,4032.2,OK,705,405,4350.0,662,362,3920.0,662,362,3920.0,662,362,3920.0,659,359,3890.0,659,359,3890.0,659,359,3890.0,659,359,3890.0,659,359,3890.0,659,359,3890.0,659,359,3890.0,659,359,3890.0,659,359,3890.0,659,359,3890.0,659,359,3890.0
guoq,gf2^9_mult,1095,494,5541,812,437,4745,25.84,11.54,14.37,4716.2,OK,869,494,5315.0,812,437,4745.0,812,437,4745.0,812,437,4745.0,812,437,4745.0,812,437,4745.0,812,437,4745.0,812,437,4745.0,812,437,4745.0,812,437,4745.0,812,437,4745.0,812,437,4745.0,812,437,4745.0,812,437,4745.0,812,437,4745.0
guoq,graycode6_47,5,5,50,5,5,50,0.00,0.00,0.00,15.9,OK,5,5,50.0,5,5,50.0,5,5,50.0,5,5,50.0,5,5,50.0,5,5,50.0,5,5,50.0,5,5,50.0,5,5,50.0,5,5,50.0,5,5,50.0,5,5,50.0,5,5,50.0,5,5,50.0,5,5,50.0
guoq,ground_state_estimation_10,390180,154209,1778061,10712,3,10739,97.25,100.00,99.40,1086.7,OK,104647,33663,407614.0,10712,3,10739.0,10712,3,10739.0,10712,3,10739.0,10712,3,10739.0,10712,3,10739.0,10712,3,10739.0,10712,3,10739.0,10712,3,10739.0,10712,3,10739.0,10712,3,10739.0,10712,3,10739.0,10712,3,10739.0,10712,3,10739.0,10712,3,10739.0
guoq,grover_pigeon3,25714,92,26542,8399,92,9227,67.34,0.00,65.24,8182.6,OK,8399,92,9227.0,8399,92,9227.0,8399,92,9227.0,8399,92,9227.0,8399,92,9227.0,8399,92,9227.0,8399,92,9227.0,8399,92,9227.0,8399,92,9227.0,8399,92,9227.0,8399,92,9227.0,8399,92,9227.0,8399,92,9227.0,8399,92,9227.0,8399,92,9227.0
guoq,ham15-high,7498,2149,26839,2813,1384,15269,62.48,35.60,43.11,8182.6,OK,2856,1427,15699.0,2838,1409,15519.0,2834,1405,15479.0,2822,1393,15359.0,2814,1385,15279.0,2814,1385,15279.0,2814,1385,15279.0,2814,1385,15279.0,2814,1385,15279.0,2814,1385,15279.0,2814,1385,15279.0,2813,1384,15269.0,2813,1384,15269.0,2813,1384,15269.0,2813,1384,15269.0
guoq,ham15-low,713,236,2837,323,185,1988,54.70,21.61,29.93,1958.7,OK,334,196,2098.0,334,196,2098.0,334,196,2098.0,332,194,2078.0,332,194,2078.0,332,194,2078.0,332,194,2078.0,332,194,2078.0,332,194,2078.0,332,194,2078.0,331,193,2068.0,328,190,2038.0,328,186,2002.0,326,186,2000.0,323,185,1988.0
guoq,ham15-med,1907,534,6713,645,310,3435,66.18,41.95,48.83,3982.5,OK,663,330,3633.0,663,330,3633.0,662,329,3623.0,661,328,3613.0,661,328,3613.0,661,328,3613.0,658,323,3565.0,658,323,3565.0,658,323,3565.0,658,323,3565.0,663,322,3561.0,659,322,3557.0,654,315,3489.0,648,311,3447.0,645,310,3435.0
guoq,ham15_107,13123,3858,47845,6059,3066,33653,53.83,20.53,29.66,4864.6,OK,6535,3542,38413.0,6535,3542,38413.0,6535,3542,38413.0,6535,3542,38413.0,6535,3542,38413.0,6535,3542,38413.0,6531,3538,38373.0,6297,3304,36033.0,6297,3304,36033.0,6063,3070,33693.0,6061,3068,33673.0,6059,3066,33653.0,6059,3066,33653.0,6059,3066,33653.0,6059,3066,33653.0
guoq,ham3_102,28,11,127,16,7,79,42.86,36.36,37.80,17.3,OK,16,7,79.0,16,7,79.0,16,7,79.0,16,7,79.0,16,7,79.0,16,7,79.0,16,7,79.0,16,7,79.0,16,7,79.0,16,7,79.0,16,7,79.0,16,7,79.0,16,7,79.0,16,7,79.0,16,7,79.0
guoq,ham7_104,472,149,1813,221,98,1103,53.18,34.23,39.16,2643.0,OK,237,114,1263.0,232,109,1213.0,230,107,1193.0,230,107,1193.0,230,107,1193.0,228,105,1173.0,228,105,1173.0,228,105,1173.0,228,105,1173.0,227,104,1163.0,227,104,1163.0,225,102,1143.0,223,100,1123.0,223,100,1123.0,221,98,1103.0
guoq,heisenberg_step_10_4,1472,180,3092,419,82,1157,71.54,54.44,62.58,2736.0,OK,457,102,1375.0,435,82,1173.0,427,82,1165.0,419,82,1157.0,419,82,1157.0,419,82,1157.0,419,82,1157.0,419,82,1157.0,419,82,1157.0,419,82,1157.0,419,82,1157.0,419,82,1157.0,419,82,1157.0,419,82,1157.0,419,82,1157.0
guoq,heisenberg_step_15_4,2207,270,4637,619,122,1717,71.95,54.81,62.97,3340.9,OK,677,152,2045.0,662,137,1895.0,647,122,1745.0,631,122,1729.0,627,122,1725.0,623,122,1721.0,619,122,1717.0,619,122,1717.0,619,122,1717.0,619,122,1717.0,619,122,1717.0,619,122,1717.0,619,122,1717.0,619,122,1717.0,619,122,1717.0
guoq,heisenberg_step_20_4,2942,360,6182,819,162,2277,72.16,55.00,63.17,3829.6,OK,897,202,2715.0,897,202,2715.0,877,182,2515.0,845,162,2303.0,831,162,2289.0,829,162,2287.0,821,162,2279.0,819,162,2277.0,819,162,2277.0,819,162,2277.0,819,162,2277.0,819,162,2277.0,819,162,2277.0,819,162,2277.0,819,162,2277.0
guoq,heisenberg_step_25_4,3677,450,7727,1019,202,2837,72.29,55.11,63.28,4386.5,OK,1117,252,3385.0,1117,252,3385.0,1117,252,3385.0,1067,202,2885.0,1057,202,2875.0,1039,202,2857.0,1035,202,2853.0,1035,202,2853.0,1029,202,2847.0,1023,202,2841.0,1023,202,2841.0,1021,202,2839.0,1019,202,2837.0,1019,202,2837.0,1019,202,2837.0
guoq,heisenberg_step_30_4,4412,540,9272,1219,242,3397,72.37,55.19,63.36,5004.0,OK,1337,302,4055.0,1337,302,4055.0,1337,302,4055.0,1307,272,3755.0,1277,242,3455.0,1266,243,3453.0,1253,242,3431.0,1249,242,3427.0,1241,242,3419.0,1227,242,3405.0,1223,242,3401.0,1219,242,3397.0,1219,242,3397.0,1219,242,3397.0,1219,242,3397.0
guoq,heisenberg_step_35_4,5147,630,10817,1419,282,3957,72.43,55.24,63.42,5587.7,OK,1557,352,4725.0,1557,352,4725.0,1557,352,4725.0,1557,352,4725.0,1522,317,4375.0,1487,282,4025.0,1469,282,4007.0,1459,282,3997.0,1445,282,3983.0,1427,282,3965.0,1421,282,3959.0,1421,282,3959.0,1421,282,3959.0,1419,282,3957.0,1419,282,3957.0
guoq,heisenberg_step_40_4,5882,720,12362,1625,322,4523,72.37,55.28,63.41,6166.3,OK,1777,402,5395.0,1777,402,5395.0,1777,402,5395.0,1777,402,5395.0,1777,402,5395.0,1737,362,4995.0,1689,322,4587.0,1673,322,4571.0,1659,322,4557.0,1647,322,4545.0,1639,322,4537.0,1633,322,4531.0,1631,322,4529.0,1627,322,4525.0,1625,322,4523.0
guoq,heisenberg_step_45_4,6617,810,13907,1819,362,5077,72.51,55.31,63.49,6757.4,OK,1997,452,6065.0,1997,452,6065.0,1997,452,6065.0,1997,452,6065.0,1997,452,6065.0,1997,452,6065.0,1908,363,5175.0,1887,362,5145.0,1875,362,5133.0,1865,362,5123.0,1857,362,5115.0,1833,362,5091.0,1823,362,5081.0,1819,362,5077.0,1819,362,5077.0
guoq,heisenberg_step_50_4,7352,900,15452,2023,402,5641,72.48,55.33,63.49,7416.8,OK,2277,562,7335.0,2217,502,6735.0,2217,502,6735.0,2217,502,6735.0,2217,502,6735.0,2217,502,6735.0,2167,452,6235.0,2117,402,5735.0,2111,402,5729.0,2089,402,5707.0,2075,402,5693.0,2045,402,5663.0,2023,402,5641.0,2023,402,5641.0,2023,402,5641.0
guoq,heisenberg_step_50_8,17154,2100,36054,5583,1252,16851,67.45,40.38,53.26,4100.6,OK,5731,1400,18331.0,5731,1400,18331.0,5731,1400,18331.0,5633,1302,17351.0,5633,1302,17351.0,5633,1302,17351.0,5633,1302,17351.0,5633,1302,17351.0,5633,1302,17351.0,5633,1302,17351.0,5633,1302,17351.0,5633,1302,17351.0,5633,1302,17351.0,5583,1252,16851.0,5583,1252,16851.0
guoq,heisenberg_step_5_4,737,90,1547,219,42,597,70.28,53.33,61.41,1833.4,OK,227,42,605.0,219,42,597.0,219,42,597.0,219,42,597.0,219,42,597.0,219,42,597.0,219,42,597.0,219,42,597.0,219,42,597.0,219,42,597.0,219,42,597.0,219,42,597.0,219,42,597.0,219,42,597.0,219,42,597.0
guoq,hlf_10,161,56,665,53,31,332,67.08,44.64,50.08,1148.0,OK,58,34,364.0,54,32,342.0,54,32,342.0,54,32,342.0,54,32,342.0,53,31,332.0,53,31,332.0,53,31,332.0,53,31,332.0,53,31,332.0,53,31,332.0,53,31,332.0,53,31,332.0,53,31,332.0,53,31,332.0
guoq,hlf_5,95,14,221,29,6,83,69.47,57.14,62.44,568.9,OK,46,8,118.0,44,6,98.0,44,6,98.0,44,6,98.0,44,6,98.0,44,6,98.0,44,6,98.0,44,6,98.0,44,6,98.0,44,6,98.0,37,6,91.0,34,6,88.0,31,6,85.0,29,6,83.0,29,6,83.0
guoq,hwb4_49,345,107,1308,152,65,737,55.94,39.25,43.65,2312.5,OK,164,77,857.0,163,76,847.0,163,76,847.0,161,74,827.0,159,72,807.0,157,70,787.0,156,69,777.0,154,67,757.0,154,67,757.0,154,67,757.0,153,66,747.0,152,65,737.0,152,65,737.0,152,65,737.0,152,65,737.0
guoq,hwb5_53,1992,598,7374,942,423,4749,52.71,29.26,35.60,4916.3,OK,1073,554,6059.0,1032,513,5649.0,1032,513,5649.0,968,449,5009.0,952,433,4849.0,951,432,4839.0,951,432,4839.0,951,432,4839.0,951,432,4839.0,951,432,4839.0,951,432,4839.0,951,432,4839.0,951,432,4839.0,949,428,4801.0,942,423,4749.0
guoq,hwb6,491,116,1535,221,91,1040,54.99,21.55,32.25,2147.9,OK,231,101,1140.0,230,100,1130.0,225,95,1080.0,225,95,1080.0,225,95,1080.0,225,95,1080.0,224,94,1070.0,224,94,1070.0,224,94,1070.0,222,92,1050.0,222,92,1050.0,222,92,1050.0,222,92,1050.0,221,91,1040.0,221,91,1040.0
guoq,hwb6_56,10075,2952,36643,4688,2162,24146,53.47,26.76,34.10,5029.4,OK,5257,2724,29773.0,5257,2724,29773.0,5257,2724,29773.0,5257,2724,29773.0,5243,2717,29696.0,5243,2717,29696.0,5116,2590,28426.0,4989,2463,27156.0,4987,2461,27136.0,4978,2452,27046.0,4978,2452,27046.0,4978,2452,27046.0,4978,2452,27046.0,4856,2330,25826.0,4688,2162,24146.0
guoq,hwb7_59,36555,10681,132684,18687,9794,106833,48.88,8.30,19.48,3972.8,OK,18706,9811,107005.0,18706,9811,107005.0,18706,9811,107005.0,18706,9811,107005.0,18706,9811,107005.0,18706,9811,107005.0,18706,9811,107005.0,18706,9811,107005.0,18706,9811,107005.0,18706,9811,107005.0,18706,9811,107005.0,18706,9811,107005.0,18706,9811,107005.0,18687,9794,106833.0,18687,9794,106833.0
guoq,hwb8_113,104068,30372,377416,52934,27798,303116,49.14,8.47,19.69,2748.7,OK,52934,27798,303116.0,52934,27798,303116.0,52934,27798,303116.0,52934,27798,303116.0,52934,27798,303116.0,52934,27798,303116.0,52934,27798,303116.0,52934,27798,303116.0,52934,27798,303116.0,52934,27798,303116.0,52934,27798,303116.0,52934,27798,303116.0,52934,27798,303116.0,52934,27798,303116.0,52934,27798,303116.0
guoq,hwb9_119,311615,90955,1130210,157409,82925,903734,49.49,8.83,20.04,1930.5,OK,157524,82925,903849.0,157409,82925,903734.0,157409,82925,903734.0,157409,82925,903734.0,157409,82925,903734.0,157409,82925,903734.0,157409,82925,903734.0,157409,82925,903734.0,157409,82925,903734.0,157409,82925,903734.0,157409,82925,903734.0,157409,82925,903734.0,157409,82925,903734.0,157409,82925,903734.0,157409,82925,903734.0
guoq,inc_237,16115,4636,57839,7143,3532,38931,55.67,23.81,32.69,4744.5,OK,7698,4086,44472.0,7698,4086,44472.0,7698,4086,44472.0,7698,4086,44472.0,7698,4086,44472.0,7698,4086,44472.0,7698,4086,44472.0,7694,4083,44441.0,7694,4083,44441.0,7420,3809,41701.0,7146,3535,38961.0,7145,3534,38951.0,7143,3532,38931.0,7143,3532,38931.0,7143,3532,38931.0
guoq,ising_model_10,920,90,1730,288,72,936,68.70,20.00,45.90,2380.5,OK,288,72,936.0,288,72,936.0,288,72,936.0,288,72,936.0,288,72,936.0,288,72,936.0,288,72,936.0,288,72,936.0,288,72,936.0,288,72,936.0,288,72,936.0,288,72,936.0,288,72,936.0,288,72,936.0,288,72,936.0
guoq,ising_model_13,1205,120,2285,378,96,1242,68.63,20.00,45.65,2780.4,OK,378,96,1242.0,378,96,1242.0,378,96,1242.0,378,96,1242.0,378,96,1242.0,378,96,1242.0,378,96,1242.0,378,96,1242.0,378,96,1242.0,378,96,1242.0,378,96,1242.0,378,96,1242.0,378,96,1242.0,378,96,1242.0,378,96,1242.0
guoq,ising_model_16,1490,150,2840,468,120,1548,68.59,20.00,45.49,2994.3,OK,468,120,1548.0,468,120,1548.0,468,120,1548.0,468,120,1548.0,468,120,1548.0,468,120,1548.0,468,120,1548.0,468,120,1548.0,468,120,1548.0,468,120,1548.0,468,120,1548.0,468,120,1548.0,468,120,1548.0,468,120,1548.0,468,120,1548.0
guoq,life_238,34005,9800,122205,16682,8984,97538,50.94,8.33,20.18,3995.7,OK,16682,8984,97538.0,16682,8984,97538.0,16682,8984,97538.0,16682,8984,97538.0,16682,8984,97538.0,16682,8984,97538.0,16682,8984,97538.0,16682,8984,97538.0,16682,8984,97538.0,16682,8984,97538.0,16682,8984,97538.0,16682,8984,97538.0,16682,8984,97538.0,16682,8984,97538.0,16682,8984,97538.0
guoq,majority_239,940,267,3343,397,176,1981,57.77,34.08,40.74,3182.8,OK,437,216,2381.0,403,182,2041.0,403,182,2041.0,401,180,2021.0,401,180,2021.0,401,180,2021.0,401,180,2021.0,400,179,2011.0,398,177,1991.0,398,177,1991.0,398,177,1991.0,398,177,1991.0,397,176,1981.0,397,176,1981.0,397,176,1981.0
guoq,max46_240,41094,11844,147690,20484,10920,118764,50.15,7.80,19.59,3706.3,OK,20486,10922,118784.0,20486,10922,118784.0,20486,10922,118784.0,20486,10922,118784.0,20486,10922,118784.0,20486,10922,118784.0,20486,10922,118784.0,20486,10922,118784.0,20486,10922,118784.0,20486,10922,118784.0,20486,10922,118784.0,20486,10922,118784.0,20486,10922,118784.0,20486,10922,118784.0,20484,10920,118764.0
guoq,miller_11,74,23,281,42,17,195,43.24,26.09,30.60,766.5,OK,44,19,215.0,42,17,195.0,42,17,195.0,42,17,195.0,42,17,195.0,42,17,195.0,42,17,195.0,42,17,195.0,42,17,195.0,42,17,195.0,42,17,195.0,42,17,195.0,42,17,195.0,42,17,195.0,42,17,195.0
guoq,mini-alu_167,432,126,1566,204,83,951,52.78,34.13,39.27,2467.0,OK,212,91,1031.0,211,90,1021.0,209,88,1001.0,207,86,981.0,206,85,971.0,206,85,971.0,206,85,971.0,206,85,971.0,206,85,971.0,205,84,961.0,204,83,951.0,204,83,951.0,204,83,951.0,204,83,951.0,204,83,951.0
guoq,mini_alu_305,301,77,994,148,53,625,50.83,31.17,37.12,2189.9,OK,153,58,675.0,151,56,655.0,150,55,645.0,149,54,635.0,148,53,625.0,148,53,625.0,148,53,625.0,148,53,625.0,148,53,625.0,148,53,625.0,148,53,625.0,148,53,625.0,148,53,625.0,148,53,625.0,148,53,625.0
guoq,misex1_241,7317,2100,26217,2981,1360,15221,59.26,35.24,41.94,8182.7,OK,3459,1838,20001.0,3459,1838,20001.0,3459,1838,20001.0,3336,1715,18771.0,3245,1624,17861.0,3221,1600,17621.0,3221,1600,17621.0,3221,1600,17621.0,3221,1600,17621.0,3219,1598,17601.0,3056,1435,15971.0,2981,1360,15221.0,2981,1360,15221.0,2981,1360,15221.0,2981,1360,15221.0
guoq,mlp4_245,28548,8232,102636,13242,6875,75117,53.61,16.48,26.81,3617.5,OK,13777,7410,80467.0,13777,7410,80467.0,13777,7410,80467.0,13777,7410,80467.0,13777,7410,80467.0,13777,7410,80467.0,13777,7410,80467.0,13777,7410,80467.0,13777,7410,80467.0,13777,7410,80467.0,13777,7410,80467.0,13768,7401,80377.0,13768,7401,80377.0,13243,6876,75127.0,13242,6875,75117.0
guoq,mod10_171,372,108,1344,178,72,826,52.15,33.33,38.54,2336.7,OK,184,78,886.0,184,78,886.0,181,75,856.0,180,74,846.0,179,73,836.0,179,73,836.0,179,73,836.0,178,72,826.0,178,72,826.0,178,72,826.0,178,72,826.0,178,72,826.0,178,72,826.0,178,72,826.0,178,72,826.0
guoq,mod10_176,274,78,976,127,55,622,53.65,29.49,36.27,1480.3,OK,127,55,622.0,127,55,622.0,127,55,622.0,127,55,622.0,127,55,622.0,127,55,622.0,127,55,622.0,127,55,622.0,127,55,622.0,127,55,622.0,127,55,622.0,127,55,622.0,127,55,622.0,127,55,622.0,127,55,622.0
guoq,mod5_4,63,28,315,36,18,198,42.86,35.71,37.14,1187.2,OK,44,22,242.0,38,20,218.0,37,19,208.0,36,18,198.0,36,18,198.0,36,18,198.0,36,18,198.0,36,18,198.0,36,18,198.0,36,18,198.0,36,18,198.0,36,18,198.0,36,18,198.0,36,18,198.0,36,18,198.0
guoq,mod5adder_127,907,239,3058,427,168,1939,52.92,29.71,36.59,3221.4,OK,468,209,2349.0,440,181,2069.0,434,175,2009.0,434,175,2009.0,434,175,2009.0,434,175,2009.0,434,175,2009.0,434,175,2009.0,434,175,2009.0,434,175,2009.0,434,175,2009.0,429,170,1959.0,429,170,1959.0,428,169,1949.0,427,168,1939.0
guoq,mod5d1_63,30,13,147,20,11,119,33.33,15.38,19.05,17.0,OK,20,11,119.0,20,11,119.0,20,11,119.0,20,11,119.0,20,11,119.0,20,11,119.0,20,11,119.0,20,11,119.0,20,11,119.0,20,11,119.0,20,11,119.0,20,11,119.0,20,11,119.0,20,11,119.0,20,11,119.0
guoq,mod5d2_64,85,25,310,41,16,185,51.76,36.00,40.32,1399.9,OK,44,19,215.0,43,18,205.0,43,18,205.0,43,18,205.0,43,18,205.0,42,17,195.0,41,16,185.0,41,16,185.0,41,16,185.0,41,16,185.0,41,16,185.0,41,16,185.0,41,16,185.0,41,16,185.0,41,16,185.0
guoq,mod5mils_65,59,16,203,29,12,137,50.85,25.00,32.51,19.2,OK,29,12,137.0,29,12,137.0,29,12,137.0,29,12,137.0,29,12,137.0,29,12,137.0,29,12,137.0,29,12,137.0,29,12,137.0,29,12,137.0,29,12,137.0,29,12,137.0,29,12,137.0,29,12,137.0,29,12,137.0
guoq,mod8-10_177,664,196,2428,305,133,1502,54.07,32.14,38.14,2859.4,OK,342,168,1854.0,315,141,1584.0,315,141,1584.0,313,139,1564.0,313,139,1564.0,313,139,1564.0,312,138,1554.0,309,137,1542.0,310,136,1534.0,307,135,1522.0,307,135,1522.0,305,133,1502.0,305,133,1502.0,305,133,1502.0,305,133,1502.0
guoq,mod8-10_178,518,152,1886,248,108,1220,52.12,28.95,35.31,3199.2,OK,255,115,1290.0,251,111,1250.0,251,111,1250.0,251,111,1250.0,251,111,1250.0,251,111,1250.0,250,110,1240.0,250,110,1240.0,250,110,1240.0,250,110,1240.0,249,109,1230.0,249,109,1230.0,249,109,1230.0,249,109,1230.0,248,108,1220.0
guoq,mod_mult_55,119,48,551,85,37,418,28.57,22.92,24.14,1298.0,OK,85,37,418.0,85,37,418.0,85,37,418.0,85,37,418.0,85,37,418.0,85,37,418.0,85,37,418.0,85,37,418.0,85,37,418.0,85,37,418.0,85,37,418.0,85,37,418.0,85,37,418.0,85,37,418.0,85,37,418.0
guoq,mod_red_21,278,105,1223,207,86,981,25.54,18.10,19.79,2459.2,OK,209,88,1001.0,209,88,1001.0,209,88,1001.0,210,87,993.0,210,87,993.0,208,87,991.0,208,87,991.0,208,87,991.0,207,86,981.0,207,86,981.0,207,86,981.0,207,86,981.0,207,86,981.0,207,86,981.0,207,86,981.0
guoq,muliply_5,281,20,461,101,17,254,64.06,15.00,44.90,736.5,OK,101,17,254.0,101,17,254.0,101,17,254.0,101,17,254.0,101,17,254.0,101,17,254.0,101,17,254.0,101,17,254.0,101,17,254.0,101,17,254.0,101,17,254.0,101,17,254.0,101,17,254.0,101,17,254.0,101,17,254.0
guoq,multiply_10,350,163,1817,125,55,620,64.29,66.26,65.88,2141.5,OK,150,80,870.0,148,78,850.0,141,71,780.0,135,65,720.0,133,63,700.0,132,62,690.0,132,62,690.0,132,62,690.0,129,59,660.0,128,58,650.0,126,56,630.0,125,55,620.0,125,55,620.0,125,55,620.0,125,55,620.0
guoq,one-two-three-v0_97,434,128,1586,201,84,957,53.69,34.38,39.66,2306.3,OK,211,94,1057.0,209,92,1037.0,207,90,1017.0,206,89,1007.0,206,89,1007.0,206,89,1007.0,205,88,997.0,205,88,997.0,205,88,997.0,205,88,997.0,205,88,997.0,204,87,987.0,202,85,967.0,202,85,967.0,201,84,957.0
guoq,one-two-three-v0_98,218,65,803,100,38,442,54.13,41.54,44.96,2082.1,OK,106,44,502.0,102,40,462.0,101,39,452.0,101,39,452.0,101,39,452.0,101,39,452.0,101,39,452.0,101,39,452.0,101,39,452.0,101,39,452.0,101,39,452.0,101,39,452.0,100,38,442.0,100,38,442.0,100,38,442.0
guoq,one-two-three-v1_99,204,59,735,94,37,427,53.92,37.29,41.90,1707.8,OK,100,43,487.0,100,43,487.0,98,41,467.0,96,39,447.0,96,39,447.0,96,39,447.0,95,38,437.0,95,38,437.0,94,37,427.0,94,37,427.0,94,37,427.0,94,37,427.0,94,37,427.0,94,37,427.0,94,37,427.0
guoq,one-two-three-v2_100,109,32,397,61,22,259,44.04,31.25,34.76,2002.9,OK,63,24,279.0,62,23,269.0,62,23,269.0,62,23,269.0,62,23,269.0,62,23,269.0,61,22,259.0,61,22,259.0,61,22,259.0,61,22,259.0,61,22,259.0,61,22,259.0,61,22,259.0,61,22,259.0,61,22,259.0
guoq,one-two-three-v3_101,118,32,406,68,23,275,42.37,28.12,32.27,1633.4,OK,70,25,295.0,69,24,285.0,68,23,275.0,68,23,275.0,68,23,275.0,68,23,275.0,68,23,275.0,68,23,275.0,68,23,275.0,68,23,275.0,68,23,275.0,68,23,275.0,68,23,275.0,68,23,275.0,68,23,275.0
guoq,plus63mod4096_163,193120,56329,700081,94948,51077,554641,50.83,9.32,20.77,2286.5,OK,94948,51077,554641.0,94948,51077,554641.0,94948,51077,554641.0,94948,51077,554641.0,94948,51077,554641.0,94948,51077,554641.0,94948,51077,554641.0,94948,51077,554641.0,94948,51077,554641.0,94948,51077,554641.0,94948,51077,554641.0,94948,51077,554641.0,94948,51077,554641.0,94948,51077,554641.0,94948,51077,554641.0
guoq,plus63mod8192_164,280672,81865,1017457,137953,74173,805510,50.85,9.40,20.83,2068.7,OK,138021,74173,805578.0,137953,74173,805510.0,137953,74173,805510.0,137953,74173,805510.0,137953,74173,805510.0,137953,74173,805510.0,137953,74173,805510.0,137953,74173,805510.0,137953,74173,805510.0,137953,74173,805510.0,137953,74173,805510.0,137953,74173,805510.0,137953,74173,805510.0,137953,74173,805510.0,137953,74173,805510.0
guoq,pm1_249,2776,771,9715,1161,499,5652,58.18,35.28,41.82,5628.2,OK,1343,681,7472.0,1255,593,6592.0,1255,593,6592.0,1255,593,6592.0,1189,527,5932.0,1161,499,5652.0,1161,499,5652.0,1161,499,5652.0,1161,499,5652.0,1161,499,5652.0,1161,499,5652.0,1161,499,5652.0,1161,499,5652.0,1161,499,5652.0,1161,499,5652.0
guoq,portfolioqaoa_nativegates_ibm_tket_8,6400,168,7912,1451,168,2963,77.33,0.00,62.55,5397.9,OK,1451,168,2963.0,1451,168,2963.0,1451,168,2963.0,1451,168,2963.0,1451,168,2963.0,1451,168,2963.0,1451,168,2963.0,1451,168,2963.0,1451,168,2963.0,1451,168,2963.0,1451,168,2963.0,1451,168,2963.0,1451,168,2963.0,1451,168,2963.0,1451,168,2963.0
guoq,portfoliovqe_nativegates_ibm_tket_8,2532,84,3288,760,84,1516,69.98,0.00,53.89,2821.1,OK,760,84,1516.0,760,84,1516.0,760,84,1516.0,760,84,1516.0,760,84,1516.0,760,84,1516.0,760,84,1516.0,760,84,1516.0,760,84,1516.0,760,84,1516.0,760,84,1516.0,760,84,1516.0,760,84,1516.0,760,84,1516.0,760,84,1516.0
guoq,qaoa_10,285,85,1050,149,41,518,47.72,51.76,50.67,1832.2,OK,159,51,618.0,158,50,608.0,157,49,598.0,155,47,578.0,155,47,578.0,155,47,578.0,155,47,578.0,154,46,568.0,154,46,568.0,150,42,528.0,150,42,528.0,150,42,528.0,150,42,528.0,149,41,518.0,149,41,518.0
guoq,qaoa_5,285,42,663,102,21,291,64.21,50.00,56.11,1909.9,OK,108,27,351.0,107,26,341.0,107,26,341.0,106,25,331.0,104,23,311.0,104,23,311.0,104,23,311.0,103,22,301.0,103,22,301.0,103,22,301.0,103,22,301.0,102,21,291.0,102,21,291.0,102,21,291.0,102,21,291.0
guoq,qaoa_n10_p4,910,120,1990,346,116,1390,61.98,3.33,30.15,2436.0,OK,346,116,1390.0,346,116,1390.0,346,116,1390.0,346,116,1390.0,346,116,1390.0,346,116,1390.0,346,116,1390.0,346,116,1390.0,346,116,1390.0,346,116,1390.0,346,116,1390.0,346,116,1390.0,346,116,1390.0,346,116,1390.0,346,116,1390.0
guoq,qaoa_n14_p4,1274,168,2786,482,160,1922,62.17,4.76,31.01,3015.9,OK,486,164,1962.0,483,161,1932.0,482,160,1922.0,482,160,1922.0,482,160,1922.0,482,160,1922.0,482,160,1922.0,482,160,1922.0,482,160,1922.0,482,160,1922.0,482,160,1922.0,482,160,1922.0,482,160,1922.0,482,160,1922.0,482,160,1922.0
guoq,qaoa_n20_p4,1820,240,3980,693,233,2790,61.92,2.92,29.90,3572.2,OK,696,236,2820.0,696,236,2820.0,696,236,2820.0,696,236,2820.0,696,236,2820.0,696,236,2820.0,696,236,2820.0,696,236,2820.0,695,235,2810.0,693,233,2790.0,693,233,2790.0,693,233,2790.0,693,233,2790.0,693,233,2790.0,693,233,2790.0
guoq,qaoa_n30_p4,2730,360,5970,1041,351,4200,61.87,2.50,29.65,4436.9,OK,1050,360,4290.0,1050,360,4290.0,1050,360,4290.0,1042,352,4210.0,1042,352,4210.0,1042,352,4210.0,1042,352,4210.0,1042,352,4210.0,1042,352,4210.0,1042,352,4210.0,1041,351,4200.0,1041,351,4200.0,1041,351,4200.0,1041,351,4200.0,1041,351,4200.0
guoq,qaoa_n4_p4,364,48,796,124,34,430,65.93,29.17,45.98,1490.0,OK,126,36,450.0,126,36,450.0,126,36,450.0,126,36,450.0,126,36,450.0,126,36,450.0,126,36,450.0,126,36,450.0,125,35,440.0,125,35,440.0,125,35,440.0,125,35,440.0,125,35,440.0,124,34,430.0,124,34,430.0
guoq,qaoa_n6_p4,546,72,1194,201,63,768,63.19,12.50,35.68,1681.4,OK,202,64,778.0,202,64,778.0,202,64,778.0,202,64,778.0,202,64,778.0,202,64,778.0,202,64,778.0,202,64,778.0,201,63,768.0,201,63,768.0,201,63,768.0,201,63,768.0,201,63,768.0,201,63,768.0,201,63,768.0
guoq,qaoa_n8_p4,728,96,1592,272,88,1064,62.64,8.33,33.17,1994.1,OK,272,88,1064.0,272,88,1064.0,272,88,1064.0,272,88,1064.0,272,88,1064.0,272,88,1064.0,272,88,1064.0,272,88,1064.0,272,88,1064.0,272,88,1064.0,272,88,1064.0,272,88,1064.0,272,88,1064.0,272,88,1064.0,272,88,1064.0
guoq,qaoa_nativegates_ibm_tket_8,1364,32,1652,300,32,588,78.01,0.00,64.41,151.9,OK,300,32,588.0,300,32,588.0,300,32,588.0,300,32,588.0,300,32,588.0,300,32,588.0,300,32,588.0,300,32,588.0,300,32,588.0,300,32,588.0,300,32,588.0,300,32,588.0,300,32,588.0,300,32,588.0,300,32,588.0
guoq,qcla_adder_10,521,233,2618,412,182,2050,20.92,21.89,21.70,3084.8,OK,417,187,2100.0,417,187,2100.0,417,187,2100.0,417,187,2100.0,417,187,2100.0,417,187,2100.0,417,187,2100.0,417,187,2100.0,417,187,2100.0,417,187,2100.0,417,187,2100.0,416,186,2090.0,414,184,2070.0,414,184,2070.0,412,182,2050.0
guoq,qcla_com_7,443,186,2117,297,131,1476,32.96,29.57,30.28,2769.8,OK,301,135,1516.0,299,133,1496.0,299,133,1496.0,299,133,1496.0,299,133,1496.0,299,133,1496.0,299,133,1496.0,299,133,1496.0,299,133,1496.0,299,133,1496.0,298,132,1486.0,298,132,1486.0,297,131,1476.0,297,131,1476.0,297,131,1476.0
guoq,qcla_mod_7,884,382,4322,681,302,3399,22.96,20.94,21.36,4205.5,OK,688,309,3469.0,688,309,3469.0,688,309,3469.0,684,305,3429.0,681,302,3399.0,681,302,3399.0,681,302,3399.0,681,302,3399.0,681,302,3399.0,681,302,3399.0,681,302,3399.0,681,302,3399.0,681,302,3399.0,681,302,3399.0,681,302,3399.0
guoq,qe_qft_4,423,27,666,166,27,409,60.76,0.00,38.59,1209.9,OK,166,27,409.0,166,27,409.0,166,27,409.0,166,27,409.0,166,27,409.0,166,27,409.0,166,27,409.0,166,27,409.0,166,27,409.0,166,27,409.0,166,27,409.0,166,27,409.0,166,27,409.0,166,27,409.0,166,27,409.0
guoq,qe_qft_5,659,38,1001,264,34,570,59.94,10.53,43.06,1138.0,OK,264,34,570.0,264,34,570.0,264,34,570.0,264,34,570.0,264,34,570.0,264,34,570.0,264,34,570.0,264,34,570.0,264,34,570.0,264,34,570.0,264,34,570.0,264,34,570.0,264,34,570.0,264,34,570.0,264,34,570.0
guoq,qft_10,280,90,1090,15,0,15,94.64,100.00,98.62,16.4,OK,15,,15.0,15,,15.0,15,,15.0,15,,15.0,15,,15.0,15,,15.0,15,,15.0,15,,15.0,15,,15.0,15,,15.0,15,,15.0,15,,15.0,15,,15.0,15,,15.0,15,,15.0
guoq,qft_10_quest,401,216,2345,156,89,957,61.10,58.80,59.19,2202.9,OK,177,110,1167.0,176,109,1157.0,173,106,1127.0,170,103,1097.0,165,98,1047.0,163,96,1027.0,161,94,1007.0,160,93,997.0,160,93,997.0,159,92,987.0,159,92,987.0,158,91,977.0,158,91,977.0,157,90,967.0,156,89,957.0
guoq,qft_16,640,240,2800,27,0,27,95.78,100.00,99.04,17.3,OK,27,,27.0,27,,27.0,27,,27.0,27,,27.0,27,,27.0,27,,27.0,27,,27.0,27,,27.0,27,,27.0,27,,27.0,27,,27.0,27,,27.0,27,,27.0,27,,27.0,27,,27.0
guoq,qft_20,5610,380,9030,624,376,4008,88.88,1.05,55.61,3708.3,OK,628,380,4048.0,628,380,4048.0,628,380,4048.0,628,380,4048.0,628,380,4048.0,628,380,4048.0,628,380,4048.0,628,380,4048.0,628,380,4048.0,626,378,4028.0,625,377,4018.0,625,377,4018.0,625,377,4018.0,625,377,4018.0,624,376,4008.0
guoq,qft_5,348,33,645,51,16,195,85.34,51.52,69.77,1358.8,OK,59,24,275.0,57,22,255.0,56,21,245.0,55,20,235.0,52,17,205.0,52,17,205.0,52,17,205.0,52,17,205.0,52,17,205.0,52,17,205.0,52,17,205.0,51,16,195.0,51,16,195.0,51,16,195.0,51,16,195.0
guoq,qft_nativegates_ibm_tket_8,2574,68,3186,623,68,1235,75.80,0.00,61.24,2213.4,OK,623,68,1235.0,623,68,1235.0,623,68,1235.0,623,68,1235.0,623,68,1235.0,623,68,1235.0,623,68,1235.0,623,68,1235.0,623,68,1235.0,623,68,1235.0,623,68,1235.0,623,68,1235.0,623,68,1235.0,623,68,1235.0,623,68,1235.0
guoq,qftentangled_nativegates_ibm_tket_8,2853,75,3528,683,75,1358,76.06,0.00,61.51,2314.2,OK,683,75,1358.0,683,75,1358.0,683,75,1358.0,683,75,1358.0,683,75,1358.0,683,75,1358.0,683,75,1358.0,683,75,1358.0,683,75,1358.0,683,75,1358.0,683,75,1358.0,683,75,1358.0,683,75,1358.0,683,75,1358.0,683,75,1358.0
guoq,qgan_nativegates_ibm_tket_8,928,28,1180,280,28,532,69.83,0.00,54.92,92.2,OK,280,28,532.0,280,28,532.0,280,28,532.0,280,28,532.0,280,28,532.0,280,28,532.0,280,28,532.0,280,28,532.0,280,28,532.0,280,28,532.0,280,28,532.0,280,28,532.0,280,28,532.0,280,28,532.0,280,28,532.0
guoq,qiskit-3_17_13,60,17,213,37,15,172,38.33,11.76,19.25,18.6,OK,37,15,172.0,37,15,172.0,37,15,172.0,37,15,172.0,37,15,172.0,37,15,172.0,37,15,172.0,37,15,172.0,37,15,172.0,37,15,172.0,37,15,172.0,37,15,172.0,37,15,172.0,37,15,172.0,37,15,172.0
guoq,qiskit-alu-v0_26,132,38,474,66,27,309,50.00,28.95,34.81,1077.1,OK,68,29,329.0,68,29,329.0,68,29,329.0,68,29,329.0,68,29,329.0,68,29,329.0,68,29,329.0,66,27,309.0,66,27,309.0,66,27,309.0,66,27,309.0,66,27,309.0,66,27,309.0,66,27,309.0,66,27,309.0
guoq,qpeexact_nativegates_ibm_tket_8,2471,64,3047,601,64,1177,75.68,0.00,61.37,2123.7,OK,601,64,1177.0,601,64,1177.0,601,64,1177.0,601,64,1177.0,601,64,1177.0,601,64,1177.0,601,64,1177.0,601,64,1177.0,601,64,1177.0,601,64,1177.0,601,64,1177.0,601,64,1177.0,601,64,1177.0,601,64,1177.0,601,64,1177.0
guoq,qpeinexact_nativegates_ibm_tket_8,2531,65,3116,611,65,1196,75.86,0.00,61.62,2270.4,OK,611,65,1196.0,611,65,1196.0,611,65,1196.0,611,65,1196.0,611,65,1196.0,611,65,1196.0,611,65,1196.0,611,65,1196.0,611,65,1196.0,611,65,1196.0,611,65,1196.0,611,65,1196.0,611,65,1196.0,611,65,1196.0,611,65,1196.0
guoq,radd_250,4877,1405,17522,2026,953,10603,58.46,32.17,39.49,8182.7,OK,2364,1291,13983.0,2363,1290,13973.0,2279,1206,13133.0,2198,1125,12323.0,2198,1125,12323.0,2198,1125,12323.0,2198,1125,12323.0,2198,1125,12323.0,2080,1007,11143.0,2026,953,10603.0,2026,953,10603.0,2026,953,10603.0,2026,953,10603.0,2026,953,10603.0,2026,953,10603.0
guoq,rc_adder_6,200,93,1037,155,71,794,22.50,23.66,23.43,2026.4,OK,157,73,814.0,157,73,814.0,157,73,814.0,156,72,804.0,156,72,804.0,156,72,804.0,156,72,804.0,156,72,804.0,156,72,804.0,156,72,804.0,156,72,804.0,155,71,794.0,155,71,794.0,155,71,794.0,155,71,794.0
guoq,rd32-v0_66,50,16,194,19,8,91,62.00,50.00,53.09,17.6,OK,19,8,91.0,19,8,91.0,19,8,91.0,19,8,91.0,19,8,91.0,19,8,91.0,19,8,91.0,19,8,91.0,19,8,91.0,19,8,91.0,19,8,91.0,19,8,91.0,19,8,91.0,19,8,91.0,19,8,91.0
guoq,rd32-v1_68,68,16,212,29,8,101,57.35,50.00,52.36,18.9,OK,29,8,101.0,29,8,101.0,29,8,101.0,29,8,101.0,29,8,101.0,29,8,101.0,29,8,101.0,29,8,101.0,29,8,101.0,29,8,101.0,29,8,101.0,29,8,101.0,29,8,101.0,29,8,101.0,29,8,101.0
guoq,rd32_270,148,36,472,58,21,247,60.81,41.67,47.67,1091.9,OK,60,23,267.0,60,23,267.0,60,23,267.0,60,23,267.0,60,23,267.0,60,23,267.0,60,23,267.0,59,22,257.0,58,21,247.0,58,21,247.0,58,21,247.0,58,21,247.0,58,21,247.0,58,21,247.0,58,21,247.0
guoq,rd53_130,1707,448,5739,752,309,3533,55.95,31.03,38.44,4163.2,OK,813,370,4143.0,813,370,4143.0,799,356,4003.0,755,312,3563.0,755,312,3563.0,755,312,3563.0,755,312,3563.0,755,312,3563.0,755,312,3563.0,755,312,3563.0,755,312,3563.0,755,312,3563.0,755,312,3563.0,753,310,3543.0,752,309,3533.0
guoq,rd53_131,829,200,2629,351,132,1539,57.66,34.00,41.46,2938.3,OK,382,163,1849.0,358,139,1609.0,358,139,1609.0,356,137,1589.0,356,137,1589.0,354,135,1569.0,353,134,1559.0,353,134,1559.0,353,134,1559.0,352,133,1549.0,352,133,1549.0,351,132,1539.0,351,132,1539.0,351,132,1539.0,351,132,1539.0
guoq,rd53_133,868,256,3172,336,154,1722,61.29,39.84,45.71,3073.6,OK,370,188,2062.0,342,160,1782.0,341,159,1772.0,340,158,1762.0,340,158,1762.0,339,157,1752.0,339,157,1752.0,338,156,1742.0,338,156,1742.0,338,156,1742.0,336,154,1722.0,336,154,1722.0,336,154,1722.0,336,154,1722.0,336,154,1722.0
guoq,rd53_135,440,134,1646,191,87,974,56.59,35.07,40.83,2496.6,OK,197,93,1034.0,196,92,1024.0,196,92,1024.0,196,90,1006.0,196,90,1006.0,196,90,1006.0,194,88,986.0,194,88,986.0,192,88,984.0,191,87,974.0,191,87,974.0,191,87,974.0,191,87,974.0,191,87,974.0,191,87,974.0
guoq,rd53_138,196,60,736,94,40,454,52.04,33.33,38.32,2123.3,OK,95,41,464.0,94,40,454.0,94,40,454.0,94,40,454.0,94,40,454.0,94,40,454.0,94,40,454.0,94,40,454.0,94,40,454.0,94,40,454.0,94,40,454.0,94,40,454.0,94,40,454.0,94,40,454.0,94,40,454.0
guoq,rd53_251,1987,564,7063,840,379,4251,57.73,32.80,39.81,4762.8,OK,939,478,5241.0,915,454,5001.0,915,454,5001.0,856,395,4411.0,840,379,4251.0,840,379,4251.0,840,379,4251.0,840,379,4251.0,840,379,4251.0,840,379,4251.0,840,379,4251.0,840,379,4251.0,840,379,4251.0,840,379,4251.0,840,379,4251.0
guoq,rd53_311,459,124,1575,225,86,999,50.98,30.65,36.57,2562.6,OK,236,97,1109.0,236,97,1109.0,235,96,1099.0,230,91,1049.0,229,90,1039.0,227,88,1019.0,227,88,1019.0,227,88,1019.0,227,88,1019.0,227,88,1019.0,227,88,1019.0,226,87,1009.0,225,86,999.0,225,86,999.0,225,86,999.0
guoq,rd73_140,342,104,1278,168,74,834,50.88,28.85,34.74,2390.7,OK,177,83,924.0,170,76,854.0,169,75,844.0,169,75,844.0,169,75,844.0,169,75,844.0,168,74,834.0,168,74,834.0,168,74,834.0,168,74,834.0,168,74,834.0,168,74,834.0,168,74,834.0,168,74,834.0,168,74,834.0
guoq,rd73_252,8153,2319,29024,3389,1553,17366,58.43,33.03,40.17,8182.6,OK,3956,2113,22973.0,3956,2113,22973.0,3956,2113,22973.0,3922,2086,22696.0,3798,1962,21456.0,3703,1867,20506.0,3673,1837,20206.0,3673,1837,20206.0,3673,1837,20206.0,3673,1837,20206.0,3672,1836,20196.0,3463,1627,18106.0,3389,1553,17366.0,3389,1553,17366.0,3389,1553,17366.0
guoq,rd84_142,511,154,1897,265,116,1309,48.14,24.68,31.00,2886.0,OK,276,127,1419.0,274,125,1399.0,268,119,1339.0,267,118,1329.0,266,117,1319.0,266,117,1319.0,265,116,1309.0,265,116,1309.0,265,116,1309.0,265,116,1309.0,265,116,1309.0,265,116,1309.0,265,116,1309.0,265,116,1309.0,265,116,1309.0
guoq,rd84_253,20778,5960,74418,9524,4779,52535,54.16,19.82,29.41,4541.4,OK,10233,5488,59625.0,10233,5488,59625.0,10233,5488,59625.0,10233,5488,59625.0,10233,5488,59625.0,10233,5488,59625.0,10233,5488,59625.0,10233,5488,59625.0,10233,5488,59625.0,10228,5483,59575.0,10165,5420,58945.0,9827,5082,55565.0,9525,4780,52545.0,9524,4779,52535.0,9524,4779,52535.0
guoq,root_255,26007,7493,93444,11878,5958,65500,54.33,20.49,29.90,4196.2,OK,12781,6857,74494.0,12781,6857,74494.0,12781,6857,74494.0,12781,6857,74494.0,12781,6857,74494.0,12781,6857,74494.0,12781,6857,74494.0,12781,6857,74494.0,12781,6857,74494.0,12781,6857,74494.0,12781,6857,74494.0,12771,6848,74403.0,12323,6403,69950.0,12323,6403,69950.0,11878,5958,65500.0
guoq,sao2_257,58105,16864,209881,28793,15628,169445,50.45,7.33,19.27,3587.1,OK,28793,15628,169445.0,28793,15628,169445.0,28793,15628,169445.0,28793,15628,169445.0,28793,15628,169445.0,28793,15628,169445.0,28793,15628,169445.0,28793,15628,169445.0,28793,15628,169445.0,28793,15628,169445.0,28793,15628,169445.0,28793,15628,169445.0,28793,15628,169445.0,28793,15628,169445.0,28793,15628,169445.0
guoq,sf_274,1269,336,4293,556,233,2653,56.19,30.65,38.20,3753.4,OK,605,282,3143.0,604,281,3133.0,557,234,2663.0,557,234,2663.0,557,234,2663.0,557,234,2663.0,557,234,2663.0,557,234,2663.0,557,234,2663.0,557,234,2663.0,557,234,2663.0,557,234,2663.0,556,233,2653.0,556,233,2653.0,556,233,2653.0
guoq,sf_276,1242,336,4266,546,233,2643,56.04,30.65,38.05,3629.5,OK,597,284,3153.0,597,284,3153.0,549,236,2673.0,549,236,2673.0,549,236,2673.0,549,236,2673.0,549,236,2673.0,549,236,2673.0,549,236,2673.0,549,236,2673.0,549,236,2673.0,549,236,2673.0,549,236,2673.0,546,233,2643.0,546,233,2643.0
guoq,shor_15_7,36598,14858,170320,31100,12814,146426,15.02,13.76,14.03,3396.6,OK,31100,12814,146426.0,31100,12814,146426.0,31100,12814,146426.0,31100,12814,146426.0,31100,12814,146426.0,31100,12814,146426.0,31100,12814,146426.0,31100,12814,146426.0,31100,12814,146426.0,31100,12814,146426.0,31100,12814,146426.0,31100,12814,146426.0,31100,12814,146426.0,31100,12814,146426.0,31100,12814,146426.0
guoq,sqn_258,15567,4459,55698,7295,3627,39938,53.14,18.66,28.30,4842.2,OK,7763,4095,44618.0,7763,4095,44618.0,7763,4095,44618.0,7763,4095,44618.0,7763,4095,44618.0,7763,4095,44618.0,7763,4095,44618.0,7761,4093,44598.0,7761,4093,44598.0,7530,3862,42288.0,7301,3633,39998.0,7299,3631,39978.0,7295,3627,39938.0,7295,3627,39938.0,7295,3627,39938.0
guoq,sqrt8_260,4601,1314,16427,1934,881,9863,57.97,32.95,39.96,8182.4,OK,2261,1198,13043.0,2245,1191,12964.0,2169,1116,12213.0,2093,1040,11453.0,2091,1038,11433.0,2091,1038,11433.0,2090,1037,11423.0,2082,1029,11343.0,1977,924,10293.0,1934,881,9863.0,1934,881,9863.0,1934,881,9863.0,1934,881,9863.0,1934,881,9863.0,1934,881,9863.0
guoq,squar5_261,3049,869,10870,1231,560,6271,59.63,35.56,42.31,5842.9,OK,1440,769,8361.0,1345,674,7411.0,1329,658,7251.0,1329,658,7251.0,1328,657,7241.0,1255,584,6511.0,1231,560,6271.0,1231,560,6271.0,1231,560,6271.0,1231,560,6271.0,1231,560,6271.0,1231,560,6271.0,1231,560,6271.0,1231,560,6271.0,1231,560,6271.0
guoq,square_root_7,13330,3089,41131,4582,1834,21088,65.63,40.63,48.73,4185.5,OK,5664,2845,31269.0,5664,2845,31269.0,5664,2845,31269.0,5662,2845,31267.0,5225,2429,27086.0,4930,2134,24136.0,4718,1922,22016.0,4630,1834,21136.0,4630,1834,21136.0,4630,1834,21136.0,4630,1834,21136.0,4588,1834,21094.0,4582,1834,21088.0,4582,1834,21088.0,4582,1834,21088.0
guoq,sym10_262,97107,28084,349863,48024,25852,280692,50.55,7.95,19.77,2822.5,OK,48024,25852,280692.0,48024,25852,280692.0,48024,25852,280692.0,48024,25852,280692.0,48024,25852,280692.0,48024,25852,280692.0,48024,25852,280692.0,48024,25852,280692.0,48024,25852,280692.0,48024,25852,280692.0,48024,25852,280692.0,48024,25852,280692.0,48024,25852,280692.0,48024,25852,280692.0,48024,25852,280692.0
guoq,sym6_145,5832,1701,21141,2376,1120,12456,59.26,34.16,41.08,8182.7,OK,2829,1573,16986.0,2829,1573,16986.0,2776,1520,16456.0,2592,1336,14616.0,2586,1330,14556.0,2586,1330,14556.0,2586,1330,14556.0,2586,1330,14556.0,2586,1330,14556.0,2442,1186,13116.0,2376,1120,12456.0,2376,1120,12456.0,2376,1120,12456.0,2376,1120,12456.0,2376,1120,12456.0
guoq,sym6_316,422,123,1529,209,88,1001,50.47,28.46,34.53,2568.6,OK,217,96,1081.0,215,94,1061.0,212,91,1031.0,211,90,1021.0,210,89,1011.0,210,89,1011.0,209,88,1001.0,209,88,1001.0,209,88,1001.0,209,88,1001.0,209,88,1001.0,209,88,1001.0,209,88,1001.0,209,88,1001.0,209,88,1001.0
guoq,sym9_146,488,148,1820,254,113,1271,47.95,23.65,30.16,2559.1,OK,269,128,1421.0,267,126,1401.0,259,118,1321.0,255,114,1281.0,255,114,1281.0,255,114,1281.0,255,114,1281.0,255,114,1281.0,255,114,1281.0,254,113,1271.0,254,113,1271.0,254,113,1271.0,254,113,1271.0,254,113,1271.0,254,113,1271.0
guoq,sym9_148,32256,9408,116928,15416,8597,92789,52.21,8.62,20.64,3302.7,OK,15419,8600,92819.0,15419,8600,92819.0,15419,8600,92819.0,15419,8600,92819.0,15419,8600,92819.0,15419,8600,92819.0,15419,8600,92819.0,15419,8600,92819.0,15419,8600,92819.0,15419,8600,92819.0,15419,8600,92819.0,15419,8600,92819.0,15416,8597,92789.0,15416,8597,92789.0,15416,8597,92789.0
guoq,sym9_193,52809,15232,189897,26103,14022,152301,50.57,7.94,19.80,3242.2,OK,26103,14022,152301.0,26103,14022,152301.0,26103,14022,152301.0,26103,14022,152301.0,26103,14022,152301.0,26103,14022,152301.0,26103,14022,152301.0,26103,14022,152301.0,26103,14022,152301.0,26103,14022,152301.0,26103,14022,152301.0,26103,14022,152301.0,26103,14022,152301.0,26103,14022,152301.0,26103,14022,152301.0
guoq,sys6-v0_111,319,98,1201,164,71,803,48.59,27.55,33.14,2401.1,OK,171,78,873.0,166,73,823.0,165,72,813.0,164,71,803.0,164,71,803.0,164,71,803.0,164,71,803.0,164,71,803.0,164,71,803.0,164,71,803.0,164,71,803.0,164,71,803.0,164,71,803.0,164,71,803.0,164,71,803.0
guoq,tof_10,255,102,1173,215,86,989,15.69,15.69,15.69,2216.3,OK,215,86,989.0,215,86,989.0,215,86,989.0,215,86,989.0,215,86,989.0,215,86,989.0,215,86,989.0,215,86,989.0,215,86,989.0,215,86,989.0,215,86,989.0,215,86,989.0,215,86,989.0,215,86,989.0,215,86,989.0
guoq,tof_3,45,18,207,40,16,184,11.11,11.11,11.11,40.8,OK,40,16,184.0,40,16,184.0,40,16,184.0,40,16,184.0,40,16,184.0,40,16,184.0,40,16,184.0,40,16,184.0,40,16,184.0,40,16,184.0,40,16,184.0,40,16,184.0,40,16,184.0,40,16,184.0,40,16,184.0
guoq,tof_4,75,30,345,65,26,299,13.33,13.33,13.33,582.9,OK,65,26,299.0,65,26,299.0,65,26,299.0,65,26,299.0,65,26,299.0,65,26,299.0,65,26,299.0,65,26,299.0,65,26,299.0,65,26,299.0,65,26,299.0,65,26,299.0,65,26,299.0,65,26,299.0,65,26,299.0
guoq,tof_5,105,42,483,90,36,414,14.29,14.29,14.29,1312.4,OK,90,36,414.0,90,36,414.0,90,36,414.0,90,36,414.0,90,36,414.0,90,36,414.0,90,36,414.0,90,36,414.0,90,36,414.0,90,36,414.0,90,36,414.0,90,36,414.0,90,36,414.0,90,36,414.0,90,36,414.0
guoq,urf1_149,277296,80878,1005198,134175,70090,764985,51.61,13.34,23.90,1981.7,OK,134376,70090,765186.0,134175,70090,764985.0,134175,70090,764985.0,134175,70090,764985.0,134175,70090,764985.0,134175,70090,764985.0,134175,70090,764985.0,134175,70090,764985.0,134175,70090,764985.0,134175,70090,764985.0,134175,70090,764985.0,134175,70090,764985.0,134175,70090,764985.0,134175,70090,764985.0,134175,70090,764985.0
guoq,urf1_278,82494,26692,322722,47230,25308,275002,42.75,5.19,14.79,2794.7,OK,47230,25308,275002.0,47230,25308,275002.0,47230,25308,275002.0,47230,25308,275002.0,47230,25308,275002.0,47230,25308,275002.0,47230,25308,275002.0,47230,25308,275002.0,47230,25308,275002.0,47230,25308,275002.0,47230,25308,275002.0,47230,25308,275002.0,47230,25308,275002.0,47230,25308,275002.0,47230,25308,275002.0
guoq,urf2_152,120720,35210,437610,59350,30692,335578,50.84,12.83,23.32,2620.4,OK,59350,30692,335578.0,59350,30692,335578.0,59350,30692,335578.0,59350,30692,335578.0,59350,30692,335578.0,59350,30692,335578.0,59350,30692,335578.0,59350,30692,335578.0,59350,30692,335578.0,59350,30692,335578.0,59350,30692,335578.0,59350,30692,335578.0,59350,30692,335578.0,59350,30692,335578.0,59350,30692,335578.0
guoq,urf2_277,30016,10066,120610,18008,9665,104993,40.01,3.98,12.95,3611.2,OK,18065,9716,105509.0,18065,9716,105509.0,18065,9716,105509.0,18065,9716,105509.0,18065,9716,105509.0,18065,9716,105509.0,18065,9716,105509.0,18065,9716,105509.0,18065,9716,105509.0,18065,9716,105509.0,18065,9716,105509.0,18065,9716,105509.0,18065,9716,105509.0,18008,9665,104993.0,18008,9665,104993.0
guoq,urf3_155,635232,185276,2302716,303850,160148,1745182,52.17,13.56,24.21,2092.2,OK,304248,160148,1745580.0,304248,160148,1745580.0,303850,160148,1745182.0,303850,160148,1745182.0,303850,160148,1745182.0,303850,160148,1745182.0,303850,160148,1745182.0,303850,160148,1745182.0,303850,160148,1745182.0,303850,160148,1745182.0,303850,160148,1745182.0,303850,160148,1745182.0,303850,160148,1745182.0,303850,160148,1745182.0,303850,160148,1745182.0
guoq,urf3_279,189986,60380,733406,107082,57152,621450,43.64,5.35,15.27,2089.9,OK,107149,57152,621517.0,107082,57152,621450.0,107082,57152,621450.0,107082,57152,621450.0,107082,57152,621450.0,107082,57152,621450.0,107082,57152,621450.0,107082,57152,621450.0,107082,57152,621450.0,107082,57152,621450.0,107082,57152,621450.0,107082,57152,621450.0,107082,57152,621450.0,107082,57152,621450.0,107082,57152,621450.0
guoq,urf4_187,768096,224028,2784348,373409,200312,2176217,51.39,10.59,21.84,2341.6,OK,373743,200312,2176551.0,373743,200312,2176551.0,373743,200312,2176551.0,373409,200312,2176217.0,373409,200312,2176217.0,373409,200312,2176217.0,373409,200312,2176217.0,373409,200312,2176217.0,373409,200312,2176217.0,373409,200312,2176217.0,373409,200312,2176217.0,373409,200312,2176217.0,373409,200312,2176217.0,373409,200312,2176217.0,373409,200312,2176217.0
guoq,urf5_158,246624,71932,894012,117591,62422,679389,52.32,13.22,24.01,2075.7,OK,117773,62422,679571.0,117591,62422,679389.0,117591,62422,679389.0,117591,62422,679389.0,117591,62422,679389.0,117591,62422,679389.0,117591,62422,679389.0,117591,62422,679389.0,117591,62422,679389.0,117591,62422,679389.0,117591,62422,679389.0,117591,62422,679389.0,117591,62422,679389.0,117591,62422,679389.0,117591,62422,679389.0
guoq,urf5_280,75309,23764,289185,42464,22462,244622,43.61,5.48,15.41,3013.2,OK,42464,22462,244622.0,42464,22462,244622.0,42464,22462,244622.0,42464,22462,244622.0,42464,22462,244622.0,42464,22462,244622.0,42464,22462,244622.0,42464,22462,244622.0,42464,22462,244622.0,42464,22462,244622.0,42464,22462,244622.0,42464,22462,244622.0,42464,22462,244622.0,42464,22462,244622.0,42464,22462,244622.0
guoq,urf6_160,257760,75180,934380,117589,64148,694921,54.38,14.67,25.63,2106.5,OK,117738,64148,695070.0,117589,64148,694921.0,117589,64148,694921.0,117589,64148,694921.0,117589,64148,694921.0,117589,64148,694921.0,117589,64148,694921.0,117589,64148,694921.0,117589,64148,694921.0,117589,64148,694921.0,117589,64148,694921.0,117589,64148,694921.0,117589,64148,694921.0,117589,64148,694921.0,117589,64148,694921.0
guoq,vbe_adder_3,150,70,780,85,38,427,43.33,45.71,45.26,1241.4,OK,85,38,427.0,85,38,427.0,85,38,427.0,85,38,427.0,85,38,427.0,85,38,427.0,85,38,427.0,85,38,427.0,85,38,427.0,85,38,427.0,85,38,427.0,85,38,427.0,85,38,427.0,85,38,427.0,85,38,427.0
guoq,vqe_4,857,74,1523,375,66,969,56.24,10.81,36.38,2679.4,OK,383,74,1049.0,383,74,1049.0,383,74,1049.0,381,72,1029.0,379,70,1009.0,379,70,1009.0,377,68,989.0,377,68,989.0,375,66,969.0,375,66,969.0,375,66,969.0,375,66,969.0,375,66,969.0,375,66,969.0,375,66,969.0
guoq,vqe_nativegates_ibm_tket_8,703,14,829,204,14,330,70.98,0.00,60.19,25.9,OK,204,14,330.0,204,14,330.0,204,14,330.0,204,14,330.0,204,14,330.0,204,14,330.0,204,14,330.0,204,14,330.0,204,14,330.0,204,14,330.0,204,14,330.0,204,14,330.0,204,14,330.0,204,14,330.0,204,14,330.0
guoq,vqe_uccsd_n4,892,88,1684,296,69,917,66.82,21.59,45.55,2402.2,OK,319,82,1057.0,313,76,997.0,297,70,927.0,296,69,917.0,296,69,917.0,296,69,917.0,296,69,917.0,296,69,917.0,296,69,917.0,296,69,917.0,296,69,917.0,296,69,917.0,296,69,917.0,296,69,917.0,296,69,917.0
guoq,vqe_uccsd_n6,8762,1052,18230,3272,1027,12515,62.66,2.38,31.35,8182.7,OK,3283,1038,12625.0,3281,1036,12605.0,3281,1036,12605.0,3281,1036,12605.0,3281,1036,12605.0,3281,1036,12605.0,3281,1036,12605.0,3281,1036,12605.0,3281,1036,12605.0,3281,1036,12605.0,3281,1036,12605.0,3272,1027,12515.0,3272,1027,12515.0,3272,1027,12515.0,3272,1027,12515.0
guoq,vqe_uccsd_n8,39032,5488,88424,15113,5382,63551,61.28,1.93,28.13,4897.4,OK,15127,5396,63691.0,15127,5396,63691.0,15127,5396,63691.0,15127,5396,63691.0,15127,5396,63691.0,15127,5396,63691.0,15113,5382,63551.0,15113,5382,63551.0,15113,5382,63551.0,15113,5382,63551.0,15113,5382,63551.0,15113,5382,63551.0,15113,5382,63551.0,15113,5382,63551.0,15113,5382,63551.0
guoq,wim_266,1554,427,5397,660,283,3207,57.53,33.72,40.58,4138.7,OK,716,339,3767.0,716,339,3767.0,676,299,3367.0,660,283,3207.0,660,283,3207.0,660,283,3207.0,660,283,3207.0,660,283,3207.0,660,283,3207.0,660,283,3207.0,660,283,3207.0,660,283,3207.0,660,283,3207.0,660,283,3207.0,660,283,3207.0
guoq,xor5_254,23,5,68,15,5,60,34.78,0.00,11.76,18.5,OK,15,5,60.0,15,5,60.0,15,5,60.0,15,5,60.0,15,5,60.0,15,5,60.0,15,5,60.0,15,5,60.0,15,5,60.0,15,5,60.0,15,5,60.0,15,5,60.0,15,5,60.0,15,5,60.0,15,5,60.0
guoq,z4_268,4689,1343,16776,1976,904,10112,57.86,32.69,39.72,8182.7,OK,2309,1237,13442.0,2309,1237,13442.0,2304,1232,13392.0,2225,1153,12602.0,2147,1075,11822.0,2146,1074,11812.0,2146,1074,11812.0,2146,1074,11812.0,2146,1074,11812.0,2034,962,10692.0,1977,905,10122.0,1976,904,10112.0,1976,904,10112.0,1976,904,10112.0,1976,904,10112.0
