circuit,greedy_k,fixed_k,final_cost,original_cost,reduction_pct,peak_mb
0410184_169,0,1,199,363,45.18,2791
0410184_169,0,2,197,363,45.73,2236
0410184_169,0,3,199,363,45.18,2030
0410184_169,0,4,200,363,44.90,1774
0410184_169,0,5,199,363,45.18,1623
3_17_13,0,1,32,60,46.67,1141
3_17_13,0,2,33,60,45.00,934
3_17_13,0,3,33,60,45.00,739
3_17_13,0,4,32,60,46.67,677
3_17_13,0,5,33,60,45.00,600
4_49_16,0,1,158,329,51.98,2584
4_49_16,0,2,159,329,51.67,2079
4_49_16,0,3,159,329,51.67,1763
4_49_16,0,4,159,329,51.67,1440
4_49_16,0,5,160,329,51.37,1415
4gt10-v1_81,0,1,111,228,51.32,2190
4gt10-v1_81,0,2,112,228,50.88,1720
4gt10-v1_81,0,3,111,228,51.32,1597
4gt10-v1_81,0,4,112,228,50.88,1372
4gt10-v1_81,0,5,111,228,51.32,1246
4gt11_83,0,1,19,31,38.71,1116
4gt11_83,0,2,19,31,38.71,788
4gt11_83,0,3,19,31,38.71,623
4gt11_83,0,4,19,31,38.71,528
4gt11_83,0,5,19,31,38.71,498
4gt11_84,0,1,17,26,34.62,770
4gt11_84,0,2,17,26,34.62,597
4gt11_84,0,3,17,26,34.62,477
4gt11_84,0,4,17,26,34.62,429
4gt11_84,0,5,17,26,34.62,387
4gt12-v0_86,0,1,165,371,55.53,2686
4gt12-v0_86,0,2,165,371,55.53,1715
4gt12-v0_86,0,3,167,371,54.99,1826
4gt12-v0_86,0,4,166,371,55.26,1622
4gt12-v0_86,0,5,163,371,56.06,1324
4gt12-v0_87,0,1,164,367,55.31,2676
4gt12-v0_87,0,2,163,367,55.59,1876
4gt12-v0_87,0,3,160,367,56.40,1623
4gt12-v0_87,0,4,163,367,55.59,1587
4gt12-v0_87,0,5,162,367,55.86,1435
4gt12-v0_88,0,1,139,290,52.07,2370
4gt12-v0_88,0,2,139,290,52.07,1991
4gt12-v0_88,0,3,138,290,52.41,1708
4gt12-v0_88,0,4,137,290,52.76,1512
4gt12-v0_88,0,5,140,290,51.72,1289
4gt12-v1_89,0,1,163,356,54.21,2668
4gt12-v1_89,0,2,163,356,54.21,2101
4gt12-v1_89,0,3,164,356,53.93,1752
4gt12-v1_89,0,4,163,356,54.21,1568
4gt12-v1_89,0,5,163,356,54.21,1410
4gt13-v1_93,0,1,57,116,50.86,1725
4gt13-v1_93,0,2,57,116,50.86,1378
4gt13-v1_93,0,3,59,116,49.14,1161
4gt13-v1_93,0,4,59,116,49.14,1005
4gt13-v1_93,0,5,59,116,49.14,901
4gt13_90,0,1,64,155,58.71,1984
4gt13_90,0,2,63,155,59.35,1730
4gt13_90,0,3,61,155,60.65,1773
4gt13_90,0,4,63,155,59.35,1232
4gt13_90,0,5,62,155,60.00,1215
4gt13_91,0,1,59,151,60.93,2843
4gt13_91,0,2,59,151,60.93,2214
4gt13_91,0,3,59,151,60.93,1783
4gt13_91,0,4,59,151,60.93,1548
4gt13_91,0,5,61,151,59.60,1327
4gt13_92,0,1,50,98,48.98,1777
4gt13_92,0,2,50,98,48.98,1388
4gt13_92,0,3,50,98,48.98,1165
4gt13_92,0,4,50,98,48.98,1012
4gt13_92,0,5,50,98,48.98,885
4gt4-v0_72,0,1,167,394,57.61,2574
4gt4-v0_72,0,2,168,394,57.36,2144
4gt4-v0_72,0,3,165,394,58.12,1593
4gt4-v0_72,0,4,167,394,57.61,1569
4gt4-v0_72,0,5,167,394,57.61,1424
4gt4-v0_73,0,1,244,587,58.43,4119
4gt4-v0_73,0,2,243,587,58.60,3353
4gt4-v0_73,0,3,242,587,58.77,2371
4gt4-v0_73,0,4,246,587,58.09,2406
4gt4-v0_73,0,5,243,587,58.60,2134
4gt4-v0_78,0,1,158,347,54.47,2630
4gt4-v0_78,0,2,158,347,54.47,1831
4gt4-v0_78,0,3,158,347,54.47,1787
4gt4-v0_78,0,4,158,347,54.47,1565
4gt4-v0_78,0,5,158,347,54.47,1434
4gt4-v0_79,0,1,155,343,54.81,2660
4gt4-v0_79,0,2,155,343,54.81,1831
4gt4-v0_79,0,3,156,343,54.52,1784
4gt4-v0_79,0,4,155,343,54.81,1546
4gt4-v0_79,0,5,156,343,54.52,1398
4gt4-v0_80,0,1,133,275,51.64,2456
4gt4-v0_80,0,2,132,275,52.00,1999
4gt4-v0_80,0,3,133,275,51.64,1566
4gt4-v0_80,0,4,133,275,51.64,1467
4gt4-v0_80,0,5,133,275,51.64,1309
4gt4-v1_74,0,1,200,417,52.04,2759
4gt4-v1_74,0,2,200,417,52.04,2065
4gt4-v1_74,0,3,200,417,52.04,1893
4gt4-v1_74,0,4,201,417,51.80,1664
4gt4-v1_74,0,5,201,417,51.80,1511
4gt5_76,0,1,57,131,56.49,2581
4gt5_76,0,2,57,131,56.49,1984
4gt5_76,0,3,57,131,56.49,1609
4gt5_76,0,4,56,131,57.25,1393
4gt5_76,0,5,58,131,55.73,1269
4gt5_77,0,1,99,203,51.23,2567
4gt5_77,0,2,99,203,51.23,1680
4gt5_77,0,3,99,203,51.23,1617
4gt5_77,0,4,99,203,51.23,1416
4gt5_77,0,5,99,203,51.23,1274
4mod5-bdd_287,0,1,66,126,47.62,2130
4mod5-bdd_287,0,2,66,126,47.62,1658
4mod5-bdd_287,0,3,66,126,47.62,1366
4mod5-bdd_287,0,4,66,126,47.62,1220
4mod5-bdd_287,0,5,66,126,47.62,1049
4mod5-v0_18,0,1,40,117,65.81,1775
4mod5-v0_18,0,2,40,117,65.81,1495
4mod5-v0_18,0,3,40,117,65.81,1233
4mod5-v0_18,0,4,40,117,65.81,1048
4mod5-v0_18,0,5,40,117,65.81,888
4mod5-v0_19,0,1,30,59,49.15,1640
4mod5-v0_19,0,2,30,59,49.15,1390
4mod5-v0_19,0,3,30,59,49.15,1097
4mod5-v0_19,0,4,30,59,49.15,954
4mod5-v0_19,0,5,30,59,49.15,836
4mod5-v0_20,0,1,21,36,41.67,1131
4mod5-v0_20,0,2,21,36,41.67,798
4mod5-v0_20,0,3,21,36,41.67,547
4mod5-v0_20,0,4,21,36,41.67,544
4mod5-v0_20,0,5,21,36,41.67,494
4mod5-v1_22,0,1,22,37,40.54,1100
4mod5-v1_22,0,2,22,37,40.54,820
4mod5-v1_22,0,3,22,37,40.54,661
4mod5-v1_22,0,4,22,37,40.54,568
4mod5-v1_22,0,5,22,37,40.54,493
4mod5-v1_23,0,1,43,109,60.55,1799
4mod5-v1_23,0,2,41,109,62.39,1430
4mod5-v1_23,0,3,42,109,61.47,1200
4mod5-v1_23,0,4,42,109,61.47,1052
4mod5-v1_23,0,5,42,109,61.47,938
4mod5-v1_24,0,1,38,68,44.12,1392
4mod5-v1_24,0,2,35,68,48.53,1078
4mod5-v1_24,0,3,35,68,48.53,839
4mod5-v1_24,0,4,38,68,44.12,713
4mod5-v1_24,0,5,35,68,48.53,670
4mod7-v0_94,0,1,101,242,58.26,2513
4mod7-v0_94,0,2,102,242,57.85,1954
4mod7-v0_94,0,3,101,242,58.26,1587
4mod7-v0_94,0,4,101,242,58.26,1441
4mod7-v0_94,0,5,101,242,58.26,1265
4mod7-v1_96,0,1,119,260,54.23,2346
4mod7-v1_96,0,2,119,260,54.23,1878
4mod7-v1_96,0,3,119,260,54.23,1604
4mod7-v1_96,0,4,119,260,54.23,1229
4mod7-v1_96,0,5,120,260,53.85,1275
9symml_195,0,1,26101,52809,50.57,8183
9symml_195,0,2,26102,52809,50.57,8183
9symml_195,0,3,26104,52809,50.57,8183
9symml_195,0,4,26103,52809,50.57,8183
9symml_195,0,5,26095,52809,50.59,8183
C17_204,0,1,303,707,57.14,2767
C17_204,0,2,302,707,57.28,2512
C17_204,0,3,303,707,57.14,2145
C17_204,0,4,302,707,57.28,1674
C17_204,0,5,301,707,57.43,1580
TFIM_step_100_16,0,1,2653,6240,57.48,5227
TFIM_step_100_16,0,2,2653,6240,57.48,4916
TFIM_step_100_16,0,3,2653,6240,57.48,4736
TFIM_step_100_16,0,4,2653,6240,57.48,4554
TFIM_step_100_16,0,5,2653,6240,57.48,4425
TFIM_step_100_32,0,1,10911,25792,57.70,8183
TFIM_step_100_32,0,2,10907,25792,57.71,8183
TFIM_step_100_32,0,3,10909,25792,57.70,8183
TFIM_step_100_32,0,4,10909,25792,57.70,8183
TFIM_step_100_32,0,5,10919,25792,57.67,8183
TFIM_step_100_4,0,1,136,312,56.41,1637
TFIM_step_100_4,0,2,136,312,56.41,1461
TFIM_step_100_4,0,3,136,312,56.41,1147
TFIM_step_100_4,0,4,136,312,56.41,1094
TFIM_step_100_4,0,5,136,312,56.41,993
TFIM_step_100_8,0,1,621,1456,57.35,3022
TFIM_step_100_8,0,2,621,1456,57.35,2477
TFIM_step_100_8,0,3,621,1456,57.35,2170
TFIM_step_100_8,0,4,621,1456,57.35,2002
TFIM_step_100_8,0,5,621,1456,57.35,1865
TFIM_step_10_4,0,1,136,312,56.41,1901
TFIM_step_10_4,0,2,136,312,56.41,1423
TFIM_step_10_4,0,3,136,312,56.41,1202
TFIM_step_10_4,0,4,136,312,56.41,1081
TFIM_step_10_4,0,5,136,312,56.41,913
TFIM_step_20_4,0,1,136,312,56.41,1872
TFIM_step_20_4,0,2,136,312,56.41,1411
TFIM_step_20_4,0,3,136,312,56.41,1124
TFIM_step_20_4,0,4,136,312,56.41,1072
TFIM_step_20_4,0,5,136,312,56.41,983
TFIM_step_30_4,0,1,136,312,56.41,1898
TFIM_step_30_4,0,2,136,312,56.41,1433
TFIM_step_30_4,0,3,136,312,56.41,1087
TFIM_step_30_4,0,4,136,312,56.41,1075
TFIM_step_30_4,0,5,136,312,56.41,975
TFIM_step_40_4,0,1,136,312,56.41,1905
TFIM_step_40_4,0,2,136,312,56.41,1433
TFIM_step_40_4,0,3,136,312,56.41,1216
TFIM_step_40_4,0,4,136,312,56.41,1074
TFIM_step_40_4,0,5,136,312,56.41,976
TFIM_step_50_4,0,1,136,312,56.41,1890
TFIM_step_50_4,0,2,136,312,56.41,1436
TFIM_step_50_4,0,3,136,312,56.41,1205
TFIM_step_50_4,0,4,136,312,56.41,1088
TFIM_step_50_4,0,5,136,312,56.41,975
TFIM_step_60_4,0,1,136,312,56.41,1736
TFIM_step_60_4,0,2,136,312,56.41,1461
TFIM_step_60_4,0,3,136,312,56.41,1233
TFIM_step_60_4,0,4,136,312,56.41,1083
TFIM_step_60_4,0,5,136,312,56.41,998
TFIM_step_70_4,0,1,136,312,56.41,1890
TFIM_step_70_4,0,2,136,312,56.41,1417
TFIM_step_70_4,0,3,136,312,56.41,1226
TFIM_step_70_4,0,4,136,312,56.41,1071
TFIM_step_70_4,0,5,136,312,56.41,969
TFIM_step_80_4,0,1,136,312,56.41,1870
TFIM_step_80_4,0,2,136,312,56.41,1433
TFIM_step_80_4,0,3,136,312,56.41,1198
TFIM_step_80_4,0,4,136,312,56.41,1071
TFIM_step_80_4,0,5,136,312,56.41,970
TFIM_step_90_4,0,1,136,312,56.41,1870
TFIM_step_90_4,0,2,136,312,56.41,1420
TFIM_step_90_4,0,3,136,312,56.41,1222
TFIM_step_90_4,0,4,136,312,56.41,1063
TFIM_step_90_4,0,5,136,312,56.41,973
XY_step_100_4,0,1,128,288,55.56,2123
XY_step_100_4,0,2,128,288,55.56,1538
XY_step_100_4,0,3,128,288,55.56,1273
XY_step_100_4,0,4,128,288,55.56,1102
XY_step_100_4,0,5,128,288,55.56,996
XY_step_100_8,0,1,608,1344,54.76,2694
XY_step_100_8,0,2,607,1344,54.84,2437
XY_step_100_8,0,3,607,1344,54.84,2165
XY_step_100_8,0,4,607,1344,54.84,1747
XY_step_100_8,0,5,607,1344,54.84,1874
adder_4,0,1,103,267,61.42,1846
adder_4,0,2,103,267,61.42,1127
adder_4,0,3,103,267,61.42,1021
adder_4,0,4,103,267,61.42,819
adder_4,0,5,103,267,61.42,820
adder_8,0,1,583,900,35.22,3286
adder_8,0,2,588,900,34.67,2941
adder_8,0,3,588,900,34.67,2706
adder_8,0,4,587,900,34.78,2469
adder_8,0,5,589,900,34.56,2303
adder_9,0,1,72,226,68.14,1879
adder_9,0,2,72,226,68.14,1399
adder_9,0,3,70,226,69.03,1343
adder_9,0,4,71,226,68.58,1078
adder_9,0,5,72,226,68.14,962
adr4_197,0,1,2227,5271,57.75,5966
adr4_197,0,2,2233,5271,57.64,5455
adr4_197,0,3,2240,5271,57.50,5177
adr4_197,0,4,2211,5271,58.05,4954
adr4_197,0,5,2231,5271,57.67,4806
ae_nativegates_ibm_tket_8,0,1,537,2310,76.75,2481
ae_nativegates_ibm_tket_8,0,2,541,2310,76.58,2330
ae_nativegates_ibm_tket_8,0,3,537,2310,76.75,1998
ae_nativegates_ibm_tket_8,0,4,537,2310,76.75,1813
ae_nativegates_ibm_tket_8,0,5,537,2310,76.75,1758
aj-e11_165,0,1,115,231,50.22,2460
aj-e11_165,0,2,115,231,50.22,1947
aj-e11_165,0,3,115,231,50.22,1607
aj-e11_165,0,4,117,231,49.35,1405
aj-e11_165,0,5,114,231,50.65,1284
alu-bdd_288,0,1,62,132,53.03,2840
alu-bdd_288,0,2,62,132,53.03,1945
alu-bdd_288,0,3,62,132,53.03,1781
alu-bdd_288,0,4,62,132,53.03,1567
alu-bdd_288,0,5,62,132,53.03,1227
alu-v0_26,0,1,64,132,51.52,1982
alu-v0_26,0,2,64,132,51.52,1579
alu-v0_26,0,3,66,132,50.00,1106
alu-v0_26,0,4,66,132,50.00,1155
alu-v0_26,0,5,66,132,50.00,900
alu-v0_27,0,1,38,60,36.67,1490
alu-v0_27,0,2,38,60,36.67,1147
alu-v0_27,0,3,38,60,36.67,907
alu-v0_27,0,4,38,60,36.67,820
alu-v0_27,0,5,38,60,36.67,732
alu-v1_28,0,1,36,61,40.98,1552
alu-v1_28,0,2,36,61,40.98,1167
alu-v1_28,0,3,36,61,40.98,968
alu-v1_28,0,4,36,61,40.98,817
alu-v1_28,0,5,36,61,40.98,726
alu-v1_29,0,1,42,69,39.13,1584
alu-v1_29,0,2,42,69,39.13,1244
alu-v1_29,0,3,42,69,39.13,1045
alu-v1_29,0,4,42,69,39.13,911
alu-v1_29,0,5,42,69,39.13,779
alu-v2_30,0,1,363,768,52.73,3278
alu-v2_30,0,2,362,768,52.86,2640
alu-v2_30,0,3,359,768,53.26,2256
alu-v2_30,0,4,363,768,52.73,1958
alu-v2_30,0,5,362,768,52.86,1850
alu-v2_31,0,1,300,683,56.08,2921
alu-v2_31,0,2,299,683,56.22,2406
alu-v2_31,0,3,302,683,55.78,2230
alu-v2_31,0,4,302,683,55.78,1953
alu-v2_31,0,5,301,683,55.93,1768
alu-v2_32,0,1,120,251,52.19,3359
alu-v2_32,0,2,118,251,52.99,2061
alu-v2_32,0,3,118,251,52.99,1876
alu-v2_32,0,4,119,251,52.59,1742
alu-v2_32,0,5,119,251,52.59,1547
alu-v2_33,0,1,43,69,37.68,1839
alu-v2_33,0,2,43,69,37.68,1423
alu-v2_33,0,3,43,69,37.68,1175
alu-v2_33,0,4,43,69,37.68,985
alu-v2_33,0,5,43,69,37.68,890
alu-v3_34,0,1,50,84,40.48,1842
alu-v3_34,0,2,50,84,40.48,1279
alu-v3_34,0,3,50,84,40.48,1187
alu-v3_34,0,4,50,84,40.48,985
alu-v3_34,0,5,50,84,40.48,909
alu-v3_35,0,1,38,61,37.70,1483
alu-v3_35,0,2,38,61,37.70,1184
alu-v3_35,0,3,38,61,37.70,932
alu-v3_35,0,4,38,61,37.70,828
alu-v3_35,0,5,38,61,37.70,743
alu-v4_36,0,1,81,179,54.75,1699
alu-v4_36,0,2,79,179,55.87,1672
alu-v4_36,0,3,80,179,55.31,1382
alu-v4_36,0,4,80,179,55.31,1210
alu-v4_36,0,5,81,179,54.75,1146
alu-v4_37,0,1,38,61,37.70,1576
alu-v4_37,0,2,38,61,37.70,1189
alu-v4_37,0,3,38,61,37.70,968
alu-v4_37,0,4,38,61,37.70,802
alu-v4_37,0,5,38,61,37.70,738
barenco_tof_10,0,1,335,450,25.56,3237
barenco_tof_10,0,2,335,450,25.56,2359
barenco_tof_10,0,3,335,450,25.56,2302
barenco_tof_10,0,4,335,450,25.56,2148
barenco_tof_10,0,5,335,450,25.56,1869
barenco_tof_3,0,1,48,58,17.24,1701
barenco_tof_3,0,2,48,58,17.24,1296
barenco_tof_3,0,3,48,58,17.24,1101
barenco_tof_3,0,4,48,58,17.24,971
barenco_tof_3,0,5,48,58,17.24,855
barenco_tof_4,0,1,89,114,21.93,2309
barenco_tof_4,0,2,89,114,21.93,1782
barenco_tof_4,0,3,89,114,21.93,1487
barenco_tof_4,0,4,89,114,21.93,1287
barenco_tof_4,0,5,89,114,21.93,1150
barenco_tof_5,0,1,130,170,23.53,2071
barenco_tof_5,0,2,130,170,23.53,2031
barenco_tof_5,0,3,130,170,23.53,1725
barenco_tof_5,0,4,130,170,23.53,1533
barenco_tof_5,0,5,130,170,23.53,1363
clip_206,0,1,24909,51227,51.38,8183
clip_206,0,2,24912,51227,51.37,8182
clip_206,0,3,24909,51227,51.38,8183
clip_206,0,4,24911,51227,51.37,8183
clip_206,0,5,24910,51227,51.37,8183
cm152a_212,0,1,783,1869,58.11,4108
cm152a_212,0,2,783,1869,58.11,3403
cm152a_212,0,3,778,1869,58.37,3126
cm152a_212,0,4,781,1869,58.21,2860
cm152a_212,0,5,782,1869,58.16,2618
cm42a_207,0,1,1168,2776,57.93,4405
cm42a_207,0,2,1170,2776,57.85,3995
cm42a_207,0,3,1172,2776,57.78,3538
cm42a_207,0,4,1167,2776,57.96,3324
cm42a_207,0,5,1168,2776,57.93,3160
cm82a_208,0,1,416,1026,59.45,3222
cm82a_208,0,2,414,1026,59.65,2679
cm82a_208,0,3,417,1026,59.36,2342
cm82a_208,0,4,416,1026,59.45,2118
cm82a_208,0,5,416,1026,59.45,1960
cm85a_209,0,1,8187,17270,52.59,8183
cm85a_209,0,2,8191,17270,52.57,8183
cm85a_209,0,3,8195,17270,52.55,8183
cm85a_209,0,4,8210,17270,52.46,8183
cm85a_209,0,5,8202,17270,52.51,8183
cnt3-5_179,0,1,148,255,41.96,2529
cnt3-5_179,0,2,148,255,41.96,2114
cnt3-5_179,0,3,148,255,41.96,1783
cnt3-5_179,0,4,148,255,41.96,1598
cnt3-5_179,0,5,148,255,41.96,1448
cnt3-5_180,0,1,356,725,50.90,3051
cnt3-5_180,0,2,357,725,50.76,2641
cnt3-5_180,0,3,357,725,50.76,2294
cnt3-5_180,0,4,358,725,50.62,2085
cnt3-5_180,0,5,358,725,50.62,1910
co14_215,0,1,13322,27024,50.70,8183
co14_215,0,2,13327,27024,50.68,8183
co14_215,0,3,13319,27024,50.71,8183
co14_215,0,4,13332,27024,50.67,8183
co14_215,0,5,13322,27024,50.70,8183
con1_216,0,1,629,1490,57.79,3757
con1_216,0,2,622,1490,58.26,3142
con1_216,0,3,630,1490,57.72,2740
con1_216,0,4,635,1490,57.38,2523
con1_216,0,5,635,1490,57.38,2275
csla_mux_3,0,1,145,170,14.71,2762
csla_mux_3,0,2,143,170,15.88,2190
csla_mux_3,0,3,142,170,16.47,1892
csla_mux_3,0,4,144,170,15.29,1655
csla_mux_3,0,5,143,170,15.88,1476
csum_mux_9,0,1,260,420,38.10,2646
csum_mux_9,0,2,263,420,37.38,2380
csum_mux_9,0,3,258,420,38.57,2170
csum_mux_9,0,4,257,420,38.81,1947
csum_mux_9,0,5,262,420,37.62,1792
cycle10_2_110,0,1,4025,9074,55.64,8183
cycle10_2_110,0,2,4007,9074,55.84,7967
cycle10_2_110,0,3,4005,9074,55.86,7675
cycle10_2_110,0,4,4002,9074,55.90,7360
cycle10_2_110,0,5,4027,9074,55.62,7357
dc1_220,0,1,1211,2946,58.89,4566
dc1_220,0,2,1216,2946,58.72,3951
dc1_220,0,3,1208,2946,59.00,3634
dc1_220,0,4,1204,2946,59.13,3382
dc1_220,0,5,1205,2946,59.10,3246
dc2_222,0,1,6927,14350,51.73,8183
dc2_222,0,2,6931,14350,51.70,8183
dc2_222,0,3,6933,14350,51.69,8183
dc2_222,0,4,6929,14350,51.71,8183
dc2_222,0,5,6938,14350,51.65,8183
decod24-bdd_294,0,1,74,145,48.97,1917
decod24-bdd_294,0,2,74,145,48.97,1293
decod24-bdd_294,0,3,74,145,48.97,1285
decod24-bdd_294,0,4,65,145,55.17,1106
decod24-bdd_294,0,5,70,145,51.72,1052
decod24-enable_126,0,1,236,506,53.36,2896
decod24-enable_126,0,2,232,506,54.15,2202
decod24-enable_126,0,3,235,506,53.56,1681
decod24-enable_126,0,4,235,506,53.56,1760
decod24-enable_126,0,5,235,506,53.56,1473
decod24-v0_38,0,1,40,83,51.81,1587
decod24-v0_38,0,2,36,83,56.63,1173
decod24-v0_38,0,3,40,83,51.81,968
decod24-v0_38,0,4,40,83,51.81,865
decod24-v0_38,0,5,40,83,51.81,763
decod24-v1_41,0,1,72,141,48.94,1919
decod24-v1_41,0,2,73,141,48.23,1561
decod24-v1_41,0,3,73,141,48.23,1293
decod24-v1_41,0,4,72,141,48.94,1147
decod24-v1_41,0,5,72,141,48.94,1023
decod24-v2_43,0,1,52,100,48.00,1846
decod24-v2_43,0,2,52,100,48.00,1399
decod24-v2_43,0,3,52,100,48.00,1161
decod24-v2_43,0,4,52,100,48.00,998
decod24-v2_43,0,5,52,100,48.00,728
decod24-v3_45,0,1,124,262,52.67,2775
decod24-v3_45,0,2,128,262,51.15,1912
decod24-v3_45,0,3,127,262,51.53,1593
decod24-v3_45,0,4,128,262,51.15,1414
decod24-v3_45,0,5,128,262,51.15,1144
dist_223,0,1,28207,57486,50.93,8183
dist_223,0,2,28206,57486,50.93,8183
dist_223,0,3,28203,57486,50.94,8183
dist_223,0,4,28211,57486,50.93,8183
dist_223,0,5,28215,57486,50.92,8183
ex-1_166,0,1,18,35,48.57,904
ex-1_166,0,2,22,35,37.14,652
ex-1_166,0,3,22,35,37.14,521
ex-1_166,0,4,22,35,37.14,466
ex-1_166,0,5,22,35,37.14,438
ex1_226,0,1,7,23,69.57,851
ex1_226,0,2,7,23,69.57,617
ex1_226,0,3,15,23,34.78,485
ex1_226,0,4,7,23,69.57,409
ex1_226,0,5,7,23,69.57,360
ex2_227,0,1,421,983,57.17,3345
ex2_227,0,2,419,983,57.38,2749
ex2_227,0,3,416,983,57.68,2355
ex2_227,0,4,420,983,57.27,2185
ex2_227,0,5,417,983,57.58,1985
ex3_229,0,1,278,627,55.66,2628
ex3_229,0,2,278,627,55.66,2479
ex3_229,0,3,278,627,55.66,2118
ex3_229,0,4,278,627,55.66,1882
ex3_229,0,5,279,627,55.50,1700
f2_232,0,1,770,1854,58.47,4016
f2_232,0,2,777,1854,58.09,3426
f2_232,0,3,764,1854,58.79,2950
f2_232,0,4,766,1854,58.68,2761
f2_232,0,5,761,1854,58.95,2562
gf2^10_mult,0,1,1029,1347,23.61,4008
gf2^10_mult,0,2,1022,1347,24.13,3608
gf2^10_mult,0,3,1035,1347,23.16,3314
gf2^10_mult,0,4,1032,1347,23.39,3261
gf2^10_mult,0,5,1033,1347,23.31,3082
gf2^4_mult,0,1,174,225,22.67,2719
gf2^4_mult,0,2,177,225,21.33,2347
gf2^4_mult,0,3,175,225,22.22,2041
gf2^4_mult,0,4,175,225,22.22,1798
gf2^4_mult,0,5,174,225,22.67,1637
gf2^5_mult,0,1,270,347,22.19,2827
gf2^5_mult,0,2,267,347,23.05,2629
gf2^5_mult,0,3,271,347,21.90,2347
gf2^5_mult,0,4,270,347,22.19,2063
gf2^5_mult,0,5,270,347,22.19,1876
gf2^6_mult,0,1,381,495,23.03,3439
gf2^6_mult,0,2,379,495,23.43,2856
gf2^6_mult,0,3,380,495,23.23,2522
gf2^6_mult,0,4,384,495,22.42,2300
gf2^6_mult,0,5,380,495,23.23,2129
gf2^7_mult,0,1,509,669,23.92,3559
gf2^7_mult,0,2,516,669,22.87,3131
gf2^7_mult,0,3,514,669,23.17,2807
gf2^7_mult,0,4,516,669,22.87,2562
gf2^7_mult,0,5,518,669,22.57,2381
gf2^8_mult,0,1,657,883,25.59,3835
gf2^8_mult,0,2,669,883,24.24,3257
gf2^8_mult,0,3,661,883,25.14,3025
gf2^8_mult,0,4,661,883,25.14,2820
gf2^8_mult,0,5,666,883,24.58,2588
gf2^9_mult,0,1,836,1095,23.65,3869
gf2^9_mult,0,2,834,1095,23.84,3444
gf2^9_mult,0,3,830,1095,24.20,2995
gf2^9_mult,0,4,841,1095,23.20,2861
gf2^9_mult,0,5,842,1095,23.11,2857
graycode6_47,0,1,5,5,0.00,1
graycode6_47,0,2,5,5,0.00,1
graycode6_47,0,3,5,5,0.00,1
graycode6_47,0,4,5,5,0.00,1
graycode6_47,0,5,5,5,0.00,1
ground_state_estimation_10,0,1,10712,390180,97.25,8183
ground_state_estimation_10,0,2,10712,390180,97.25,8183
ground_state_estimation_10,0,3,10712,390180,97.25,8183
ground_state_estimation_10,0,4,10712,390180,97.25,8183
ground_state_estimation_10,0,5,10718,390180,97.25,8183
grover_pigeon3,0,1,8399,25714,67.34,8182
grover_pigeon3,0,2,8399,25714,67.34,8183
grover_pigeon3,0,3,8399,25714,67.34,8183
grover_pigeon3,0,4,8399,25714,67.34,8183
grover_pigeon3,0,5,8399,25714,67.34,8183
ham15-high,0,1,2825,7498,62.32,7139
ham15-high,0,2,2822,7498,62.36,6323
ham15-high,0,3,2788,7498,62.82,5924
ham15-high,0,4,2791,7498,62.78,5808
ham15-high,0,5,2800,7498,62.66,5572
ham15-low,0,1,328,713,54.00,1732
ham15-low,0,2,326,713,54.28,1674
ham15-low,0,3,325,713,54.42,1468
ham15-low,0,4,328,713,54.00,1468
ham15-low,0,5,324,713,54.56,1363
ham15-med,0,1,652,1907,65.81,3777
ham15-med,0,2,644,1907,66.23,3278
ham15-med,0,3,650,1907,65.92,2920
ham15-med,0,4,651,1907,65.86,2547
ham15-med,0,5,646,1907,66.12,2454
ham15_107,0,1,6513,13123,50.37,8183
ham15_107,0,2,6515,13123,50.35,8183
ham15_107,0,3,6527,13123,50.26,8183
ham15_107,0,4,6528,13123,50.26,8183
ham15_107,0,5,6532,13123,50.22,8183
ham3_102,0,1,16,28,42.86,807
ham3_102,0,2,16,28,42.86,601
ham3_102,0,3,16,28,42.86,485
ham3_102,0,4,16,28,42.86,398
ham3_102,0,5,16,28,42.86,396
ham7_104,0,1,228,472,51.69,2897
ham7_104,0,2,221,472,53.18,2362
ham7_104,0,3,223,472,52.75,1976
ham7_104,0,4,224,472,52.54,1803
ham7_104,0,5,222,472,52.97,1612
heisenberg_step_10_4,0,1,419,1472,71.54,3392
heisenberg_step_10_4,0,2,419,1472,71.54,2797
heisenberg_step_10_4,0,3,423,1472,71.26,2376
heisenberg_step_10_4,0,4,421,1472,71.40,2113
heisenberg_step_10_4,0,5,419,1472,71.54,1879
heisenberg_step_15_4,0,1,620,2207,71.91,3097
heisenberg_step_15_4,0,2,620,2207,71.91,2628
heisenberg_step_15_4,0,3,621,2207,71.86,2348
heisenberg_step_15_4,0,4,620,2207,71.91,2078
heisenberg_step_15_4,0,5,623,2207,71.77,1966
heisenberg_step_20_4,0,1,825,2942,71.96,3911
heisenberg_step_20_4,0,2,823,2942,72.03,3269
heisenberg_step_20_4,0,3,821,2942,72.09,2761
heisenberg_step_20_4,0,4,823,2942,72.03,2431
heisenberg_step_20_4,0,5,821,2942,72.09,2231
heisenberg_step_25_4,0,1,1024,3677,72.15,3708
heisenberg_step_25_4,0,2,1024,3677,72.15,3144
heisenberg_step_25_4,0,3,1022,3677,72.21,2887
heisenberg_step_25_4,0,4,1023,3677,72.18,2685
heisenberg_step_25_4,0,5,1032,3677,71.93,2579
heisenberg_step_30_4,0,1,1224,4412,72.26,3930
heisenberg_step_30_4,0,2,1226,4412,72.21,3548
heisenberg_step_30_4,0,3,1223,4412,72.28,3220
heisenberg_step_30_4,0,4,1229,4412,72.14,3012
heisenberg_step_30_4,0,5,1227,4412,72.19,2747
heisenberg_step_35_4,0,1,1422,5147,72.37,4250
heisenberg_step_35_4,0,2,1424,5147,72.33,3869
heisenberg_step_35_4,0,3,1434,5147,72.14,3422
heisenberg_step_35_4,0,4,1428,5147,72.26,3333
heisenberg_step_35_4,0,5,1436,5147,72.10,3068
heisenberg_step_40_4,0,1,1631,5882,72.27,4430
heisenberg_step_40_4,0,2,1641,5882,72.10,4051
heisenberg_step_40_4,0,3,1630,5882,72.29,3707
heisenberg_step_40_4,0,4,1630,5882,72.29,3585
heisenberg_step_40_4,0,5,1628,5882,72.32,3323
heisenberg_step_45_4,0,1,1839,6617,72.21,4631
heisenberg_step_45_4,0,2,1857,6617,71.94,4409
heisenberg_step_45_4,0,3,1846,6617,72.10,3923
heisenberg_step_45_4,0,4,1837,6617,72.24,3884
heisenberg_step_45_4,0,5,1844,6617,72.13,3740
heisenberg_step_50_4,0,1,2035,7352,72.32,5054
heisenberg_step_50_4,0,2,2039,7352,72.27,4587
heisenberg_step_50_4,0,3,2031,7352,72.37,4440
heisenberg_step_50_4,0,4,2038,7352,72.28,4184
heisenberg_step_50_4,0,5,2045,7352,72.18,3905
heisenberg_step_50_8,0,1,5616,17154,67.26,8183
heisenberg_step_50_8,0,2,5615,17154,67.27,8182
heisenberg_step_50_8,0,3,5604,17154,67.33,8183
heisenberg_step_50_8,0,4,5578,17154,67.48,8183
heisenberg_step_50_8,0,5,5591,17154,67.41,8183
heisenberg_step_5_4,0,1,219,737,70.28,2761
heisenberg_step_5_4,0,2,219,737,70.28,2180
heisenberg_step_5_4,0,3,219,737,70.28,1808
heisenberg_step_5_4,0,4,218,737,70.42,1520
heisenberg_step_5_4,0,5,218,737,70.42,1325
hlf_10,0,1,50,161,68.94,1372
hlf_10,0,2,53,161,67.08,1092
hlf_10,0,3,52,161,67.70,941
hlf_10,0,4,51,161,68.32,791
hlf_10,0,5,51,161,68.32,692
hlf_5,0,1,22,95,76.84,828
hlf_5,0,2,44,95,53.68,905
hlf_5,0,3,34,95,64.21,659
hlf_5,0,4,44,95,53.68,674
hlf_5,0,5,44,95,53.68,578
hwb4_49,0,1,155,345,55.07,2654
hwb4_49,0,2,154,345,55.36,2108
hwb4_49,0,3,152,345,55.94,1774
hwb4_49,0,4,157,345,54.49,1575
hwb4_49,0,5,152,345,55.94,1426
hwb5_53,0,1,943,1992,52.66,4073
hwb5_53,0,2,948,1992,52.41,3640
hwb5_53,0,3,947,1992,52.46,3319
hwb5_53,0,4,943,1992,52.66,3042
hwb5_53,0,5,942,1992,52.71,2805
hwb6,0,1,223,491,54.58,2917
hwb6,0,2,222,491,54.79,2381
hwb6,0,3,221,491,54.99,1989
hwb6,0,4,221,491,54.99,1768
hwb6,0,5,222,491,54.79,1601
hwb6_56,0,1,5022,10075,50.15,8183
hwb6_56,0,2,4991,10075,50.46,8183
hwb6_56,0,3,4941,10075,50.96,8183
hwb6_56,0,4,4923,10075,51.14,8183
hwb6_56,0,5,4924,10075,51.13,8183
hwb7_59,0,1,18707,36555,48.83,8182
hwb7_59,0,2,18711,36555,48.81,8183
hwb7_59,0,3,18700,36555,48.84,8183
hwb7_59,0,4,18712,36555,48.81,8183
hwb7_59,0,5,18703,36555,48.84,8183
hwb8_113,0,1,52932,104068,49.14,8183
hwb8_113,0,2,52935,104068,49.13,8182
hwb8_113,0,3,52932,104068,49.14,8183
hwb8_113,0,4,52935,104068,49.13,8183
hwb8_113,0,5,52934,104068,49.14,8183
hwb9_119,0,1,157413,311615,49.48,8183
hwb9_119,0,2,157409,311615,49.49,8182
hwb9_119,0,3,157410,311615,49.49,8181
hwb9_119,0,4,157410,311615,49.49,8183
hwb9_119,0,5,157408,311615,49.49,8183
inc_237,0,1,7673,16115,52.39,8183
inc_237,0,2,7686,16115,52.31,8183
inc_237,0,3,7670,16115,52.40,8183
inc_237,0,4,7689,16115,52.29,8183
inc_237,0,5,7683,16115,52.32,8183
ising_model_10,0,1,288,920,68.70,2435
ising_model_10,0,2,288,920,68.70,2034
ising_model_10,0,3,288,920,68.70,1779
ising_model_10,0,4,288,920,68.70,1603
ising_model_10,0,5,288,920,68.70,1445
ising_model_13,0,1,378,1205,68.63,2644
ising_model_13,0,2,378,1205,68.63,2279
ising_model_13,0,3,378,1205,68.63,1947
ising_model_13,0,4,378,1205,68.63,1777
ising_model_13,0,5,378,1205,68.63,1460
ising_model_16,0,1,468,1490,68.59,3084
ising_model_16,0,2,468,1490,68.59,2534
ising_model_16,0,3,468,1490,68.59,2226
ising_model_16,0,4,468,1490,68.59,2045
ising_model_16,0,5,468,1490,68.59,1814
life_238,0,1,16679,34005,50.95,8183
life_238,0,2,16680,34005,50.95,8183
life_238,0,3,16675,34005,50.96,8183
life_238,0,4,16674,34005,50.97,8183
life_238,0,5,16681,34005,50.95,8183
majority_239,0,1,398,940,57.66,3319
majority_239,0,2,400,940,57.45,2488
majority_239,0,3,397,940,57.77,2362
majority_239,0,4,400,940,57.45,2067
majority_239,0,5,398,940,57.66,1947
max46_240,0,1,20481,41094,50.16,8183
max46_240,0,2,20480,41094,50.16,8183
max46_240,0,3,20483,41094,50.16,8183
max46_240,0,4,20488,41094,50.14,8183
max46_240,0,5,20484,41094,50.15,8182
miller_11,0,1,42,74,43.24,1736
miller_11,0,2,42,74,43.24,1302
miller_11,0,3,42,74,43.24,1087
miller_11,0,4,42,74,43.24,910
miller_11,0,5,42,74,43.24,833
mini-alu_167,0,1,205,432,52.55,2797
mini-alu_167,0,2,203,432,53.01,2367
mini-alu_167,0,3,200,432,53.70,2009
mini-alu_167,0,4,203,432,53.01,1686
mini-alu_167,0,5,203,432,53.01,1364
mini_alu_305,0,1,148,301,50.83,2470
mini_alu_305,0,2,148,301,50.83,1928
mini_alu_305,0,3,148,301,50.83,1671
mini_alu_305,0,4,148,301,50.83,1493
mini_alu_305,0,5,148,301,50.83,1340
misex1_241,0,1,3067,7317,58.08,7097
misex1_241,0,2,3071,7317,58.03,6670
misex1_241,0,3,3073,7317,58.00,6351
misex1_241,0,4,3060,7317,58.18,6176
misex1_241,0,5,3067,7317,58.08,5976
mlp4_245,0,1,13764,28548,51.79,8183
mlp4_245,0,2,13775,28548,51.75,8183
mlp4_245,0,3,13761,28548,51.80,8183
mlp4_245,0,4,13763,28548,51.79,8183
mlp4_245,0,5,13770,28548,51.77,8183
mod10_171,0,1,178,372,52.15,2576
mod10_171,0,2,176,372,52.69,2136
mod10_171,0,3,177,372,52.42,1820
mod10_171,0,4,179,372,51.88,1607
mod10_171,0,5,174,372,53.23,1248
mod10_176,0,1,126,274,54.01,3024
mod10_176,0,2,125,274,54.38,2415
mod10_176,0,3,124,274,54.74,2061
mod10_176,0,4,125,274,54.38,1405
mod10_176,0,5,125,274,54.38,1530
mod5_4,0,1,35,63,44.44,1609
mod5_4,0,2,35,63,44.44,1159
mod5_4,0,3,35,63,44.44,1012
mod5_4,0,4,36,63,42.86,896
mod5_4,0,5,35,63,44.44,791
mod5adder_127,0,1,428,907,52.81,3332
mod5adder_127,0,2,431,907,52.48,2772
mod5adder_127,0,3,427,907,52.92,2457
mod5adder_127,0,4,429,907,52.70,2165
mod5adder_127,0,5,426,907,53.03,1986
mod5d1_63,0,1,20,30,33.33,1107
mod5d1_63,0,2,20,30,33.33,775
mod5d1_63,0,3,20,30,33.33,614
mod5d1_63,0,4,20,30,33.33,521
mod5d1_63,0,5,20,30,33.33,487
mod5d2_64,0,1,41,85,51.76,1925
mod5d2_64,0,2,41,85,51.76,1370
mod5d2_64,0,3,42,85,50.59,1164
mod5d2_64,0,4,41,85,51.76,1070
mod5d2_64,0,5,41,85,51.76,946
mod5mils_65,0,1,29,59,50.85,1992
mod5mils_65,0,2,29,59,50.85,1443
mod5mils_65,0,3,29,59,50.85,1142
mod5mils_65,0,4,29,59,50.85,996
mod5mils_65,0,5,29,59,50.85,858
mod8-10_177,0,1,307,664,53.77,3147
mod8-10_177,0,2,308,664,53.61,2586
mod8-10_177,0,3,305,664,54.07,2246
mod8-10_177,0,4,304,664,54.22,1761
mod8-10_177,0,5,305,664,54.07,1655
mod8-10_178,0,1,249,518,51.93,4019
mod8-10_178,0,2,248,518,52.12,3239
mod8-10_178,0,3,251,518,51.54,2597
mod8-10_178,0,4,249,518,51.93,2417
mod8-10_178,0,5,248,518,52.12,2156
mod_mult_55,0,1,85,119,28.57,2226
mod_mult_55,0,2,85,119,28.57,1757
mod_mult_55,0,3,85,119,28.57,1505
mod_mult_55,0,4,85,119,28.57,1284
mod_mult_55,0,5,85,119,28.57,1089
mod_red_21,0,1,207,278,25.54,2751
mod_red_21,0,2,207,278,25.54,2249
mod_red_21,0,3,208,278,25.18,1928
mod_red_21,0,4,207,278,25.54,1690
mod_red_21,0,5,208,278,25.18,1564
muliply_5,0,1,101,281,64.06,2074
muliply_5,0,2,102,281,63.70,1648
muliply_5,0,3,101,281,64.06,1291
muliply_5,0,4,101,281,64.06,1148
muliply_5,0,5,101,281,64.06,976
multiply_10,0,1,126,350,64.00,2723
multiply_10,0,2,126,350,64.00,2012
multiply_10,0,3,128,350,63.43,1718
multiply_10,0,4,126,350,64.00,1342
multiply_10,0,5,124,350,64.57,1407
one-two-three-v0_97,0,1,199,434,54.15,2776
one-two-three-v0_97,0,2,199,434,54.15,2006
one-two-three-v0_97,0,3,204,434,53.00,1821
one-two-three-v0_97,0,4,201,434,53.69,1715
one-two-three-v0_97,0,5,199,434,54.15,1459
one-two-three-v0_98,0,1,102,218,53.21,2487
one-two-three-v0_98,0,2,101,218,53.67,1985
one-two-three-v0_98,0,3,101,218,53.67,1644
one-two-three-v0_98,0,4,101,218,53.67,1345
one-two-three-v0_98,0,5,102,218,53.21,1306
one-two-three-v1_99,0,1,95,204,53.43,2362
one-two-three-v1_99,0,2,94,204,53.92,2043
one-two-three-v1_99,0,3,94,204,53.92,1696
one-two-three-v1_99,0,4,95,204,53.43,1467
one-two-three-v1_99,0,5,96,204,52.94,1299
one-two-three-v2_100,0,1,61,109,44.04,2238
one-two-three-v2_100,0,2,61,109,44.04,2022
one-two-three-v2_100,0,3,61,109,44.04,1618
one-two-three-v2_100,0,4,61,109,44.04,1396
one-two-three-v2_100,0,5,61,109,44.04,1212
one-two-three-v3_101,0,1,68,118,42.37,1980
one-two-three-v3_101,0,2,69,118,41.53,1583
one-two-three-v3_101,0,3,68,118,42.37,1310
one-two-three-v3_101,0,4,68,118,42.37,1130
one-two-three-v3_101,0,5,68,118,42.37,975
plus63mod4096_163,0,1,94952,193120,50.83,8182
plus63mod4096_163,0,2,94950,193120,50.83,8182
plus63mod4096_163,0,3,94955,193120,50.83,8182
plus63mod4096_163,0,4,94952,193120,50.83,8182
plus63mod4096_163,0,5,94953,193120,50.83,8182
plus63mod8192_164,0,1,137956,280672,50.85,8178
plus63mod8192_164,0,2,137955,280672,50.85,8183
plus63mod8192_164,0,3,137954,280672,50.85,8180
plus63mod8192_164,0,4,137952,280672,50.85,8182
plus63mod8192_164,0,5,137965,280672,50.84,8183
pm1_249,0,1,1167,2776,57.96,4418
pm1_249,0,2,1176,2776,57.64,3843
pm1_249,0,3,1186,2776,57.28,3575
pm1_249,0,4,1171,2776,57.82,3340
pm1_249,0,5,1165,2776,58.03,3123
portfolioqaoa_nativegates_ibm_tket_8,0,1,1451,6400,77.33,3946
portfolioqaoa_nativegates_ibm_tket_8,0,2,1451,6400,77.33,3727
portfolioqaoa_nativegates_ibm_tket_8,0,3,1451,6400,77.33,3459
portfolioqaoa_nativegates_ibm_tket_8,0,4,1451,6400,77.33,3242
portfolioqaoa_nativegates_ibm_tket_8,0,5,1451,6400,77.33,3145
portfoliovqe_nativegates_ibm_tket_8,0,1,760,2532,69.98,2814
portfoliovqe_nativegates_ibm_tket_8,0,2,760,2532,69.98,2300
portfoliovqe_nativegates_ibm_tket_8,0,3,759,2532,70.02,2385
portfoliovqe_nativegates_ibm_tket_8,0,4,760,2532,69.98,2049
portfoliovqe_nativegates_ibm_tket_8,0,5,760,2532,69.98,2142
qaoa_10,0,1,154,285,45.96,2106
qaoa_10,0,2,152,285,46.67,1639
qaoa_10,0,3,154,285,45.96,1499
qaoa_10,0,4,152,285,46.67,1318
qaoa_10,0,5,149,285,47.72,1189
qaoa_5,0,1,107,285,62.46,2028
qaoa_5,0,2,103,285,63.86,1758
qaoa_5,0,3,102,285,64.21,1504
qaoa_5,0,4,106,285,62.81,1365
qaoa_5,0,5,105,285,63.16,1132
qaoa_n10_p4,0,1,346,910,61.98,2488
qaoa_n10_p4,0,2,346,910,61.98,2136
qaoa_n10_p4,0,3,345,910,62.09,1858
qaoa_n10_p4,0,4,346,910,61.98,1694
qaoa_n10_p4,0,5,346,910,61.98,1555
qaoa_n14_p4,0,1,482,1274,62.17,3037
qaoa_n14_p4,0,2,482,1274,62.17,2569
qaoa_n14_p4,0,3,480,1274,62.32,2207
qaoa_n14_p4,0,4,481,1274,62.24,1962
qaoa_n14_p4,0,5,482,1274,62.17,1721
qaoa_n20_p4,0,1,691,1820,62.03,3051
qaoa_n20_p4,0,2,691,1820,62.03,2545
qaoa_n20_p4,0,3,691,1820,62.03,2373
qaoa_n20_p4,0,4,692,1820,61.98,2145
qaoa_n20_p4,0,5,692,1820,61.98,2041
qaoa_n30_p4,0,1,1041,2730,61.87,3157
qaoa_n30_p4,0,2,1038,2730,61.98,2948
qaoa_n30_p4,0,3,1040,2730,61.90,2733
qaoa_n30_p4,0,4,1039,2730,61.94,2558
qaoa_n30_p4,0,5,1042,2730,61.83,2472
qaoa_n4_p4,0,1,124,364,65.93,2320
qaoa_n4_p4,0,2,124,364,65.93,1825
qaoa_n4_p4,0,3,124,364,65.93,1492
qaoa_n4_p4,0,4,123,364,66.21,1310
qaoa_n4_p4,0,5,126,364,65.38,941
qaoa_n6_p4,0,1,198,546,63.74,2773
qaoa_n6_p4,0,2,201,546,63.19,1968
qaoa_n6_p4,0,3,201,546,63.19,1845
qaoa_n6_p4,0,4,201,546,63.19,1760
qaoa_n6_p4,0,5,201,546,63.19,1543
qaoa_n8_p4,0,1,272,728,62.64,2347
qaoa_n8_p4,0,2,270,728,62.91,1928
qaoa_n8_p4,0,3,271,728,62.77,1632
qaoa_n8_p4,0,4,271,728,62.77,1489
qaoa_n8_p4,0,5,272,728,62.64,1385
qaoa_nativegates_ibm_tket_8,0,1,297,1364,78.23,2038
qaoa_nativegates_ibm_tket_8,0,2,293,1364,78.52,1684
qaoa_nativegates_ibm_tket_8,0,3,294,1364,78.45,1435
qaoa_nativegates_ibm_tket_8,0,4,289,1364,78.81,1300
qaoa_nativegates_ibm_tket_8,0,5,294,1364,78.45,1240
qcla_adder_10,0,1,410,521,21.31,2897
qcla_adder_10,0,2,412,521,20.92,2659
qcla_adder_10,0,3,413,521,20.73,2284
qcla_adder_10,0,4,412,521,20.92,2076
qcla_adder_10,0,5,411,521,21.11,1982
qcla_com_7,0,1,293,443,33.86,3077
qcla_com_7,0,2,296,443,33.18,2405
qcla_com_7,0,3,294,443,33.63,2216
qcla_com_7,0,4,296,443,33.18,1976
qcla_com_7,0,5,295,443,33.41,1806
qcla_mod_7,0,1,671,884,24.10,3515
qcla_mod_7,0,2,679,884,23.19,3163
qcla_mod_7,0,3,677,884,23.42,2802
qcla_mod_7,0,4,679,884,23.19,2540
qcla_mod_7,0,5,673,884,23.87,2426
qe_qft_4,0,1,166,423,60.76,2117
qe_qft_4,0,2,166,423,60.76,1625
qe_qft_4,0,3,166,423,60.76,1447
qe_qft_4,0,4,166,423,60.76,1256
qe_qft_4,0,5,166,423,60.76,1126
qe_qft_5,0,1,264,659,59.94,1995
qe_qft_5,0,2,264,659,59.94,1861
qe_qft_5,0,3,264,659,59.94,1591
qe_qft_5,0,4,264,659,59.94,1435
qe_qft_5,0,5,264,659,59.94,1314
qft_10_quest,0,1,159,401,60.35,1993
qft_10_quest,0,2,156,401,61.10,1950
qft_10_quest,0,3,154,401,61.60,1654
qft_10_quest,0,4,154,401,61.60,1440
qft_10_quest,0,5,157,401,60.85,1319
qft_20,0,1,612,5610,89.09,3220
qft_20,0,2,618,5610,88.98,2818
qft_20,0,3,614,5610,89.06,2595
qft_20,0,4,601,5610,89.29,2313
qft_20,0,5,610,5610,89.13,2210
qft_5,0,1,52,348,85.06,1836
qft_5,0,2,51,348,85.34,1444
qft_5,0,3,52,348,85.06,1169
qft_5,0,4,53,348,84.77,1006
qft_5,0,5,52,348,85.06,889
qft_nativegates_ibm_tket_8,0,1,623,2574,75.80,2548
qft_nativegates_ibm_tket_8,0,2,623,2574,75.80,2360
qft_nativegates_ibm_tket_8,0,3,614,2574,76.15,2032
qft_nativegates_ibm_tket_8,0,4,623,2574,75.80,1895
qft_nativegates_ibm_tket_8,0,5,623,2574,75.80,1737
qftentangled_nativegates_ibm_tket_8,0,1,683,2853,76.06,2500
qftentangled_nativegates_ibm_tket_8,0,2,683,2853,76.06,2245
qftentangled_nativegates_ibm_tket_8,0,3,683,2853,76.06,2181
qftentangled_nativegates_ibm_tket_8,0,4,683,2853,76.06,2034
qftentangled_nativegates_ibm_tket_8,0,5,683,2853,76.06,1851
qgan_nativegates_ibm_tket_8,0,1,264,928,71.55,1980
qgan_nativegates_ibm_tket_8,0,2,280,928,69.83,1512
qgan_nativegates_ibm_tket_8,0,3,280,928,69.83,1268
qgan_nativegates_ibm_tket_8,0,4,280,928,69.83,1071
qgan_nativegates_ibm_tket_8,0,5,280,928,69.83,982
qiskit-3_17_13,0,1,32,60,46.67,1314
qiskit-3_17_13,0,2,33,60,45.00,955
qiskit-3_17_13,0,3,33,60,45.00,741
qiskit-3_17_13,0,4,33,60,45.00,628
qiskit-3_17_13,0,5,33,60,45.00,593
qiskit-alu-v0_26,0,1,64,132,51.52,1972
qiskit-alu-v0_26,0,2,66,132,50.00,1578
qiskit-alu-v0_26,0,3,64,132,51.52,1318
qiskit-alu-v0_26,0,4,66,132,50.00,1144
qiskit-alu-v0_26,0,5,67,132,49.24,1026
qpeexact_nativegates_ibm_tket_8,0,1,601,2471,75.68,2512
qpeexact_nativegates_ibm_tket_8,0,2,601,2471,75.68,2206
qpeexact_nativegates_ibm_tket_8,0,3,601,2471,75.68,2023
qpeexact_nativegates_ibm_tket_8,0,4,601,2471,75.68,1864
qpeexact_nativegates_ibm_tket_8,0,5,601,2471,75.68,1779
qpeinexact_nativegates_ibm_tket_8,0,1,611,2531,75.86,2725
qpeinexact_nativegates_ibm_tket_8,0,2,611,2531,75.86,2439
qpeinexact_nativegates_ibm_tket_8,0,3,611,2531,75.86,2180
qpeinexact_nativegates_ibm_tket_8,0,4,611,2531,75.86,2055
qpeinexact_nativegates_ibm_tket_8,0,5,611,2531,75.86,1921
radd_250,0,1,2059,4877,57.78,5887
radd_250,0,2,2063,4877,57.70,5095
radd_250,0,3,2059,4877,57.78,4925
radd_250,0,4,2047,4877,58.03,4678
radd_250,0,5,2084,4877,57.27,4468
rc_adder_6,0,1,155,200,22.50,2558
rc_adder_6,0,2,155,200,22.50,2136
rc_adder_6,0,3,155,200,22.50,1798
rc_adder_6,0,4,155,200,22.50,1601
rc_adder_6,0,5,155,200,22.50,1444
rd32-v0_66,0,1,18,50,64.00,1075
rd32-v0_66,0,2,18,50,64.00,820
rd32-v0_66,0,3,18,50,64.00,646
rd32-v0_66,0,4,18,50,64.00,541
rd32-v0_66,0,5,18,50,64.00,501
rd32-v1_68,0,1,28,68,58.82,1613
rd32-v1_68,0,2,28,68,58.82,1305
rd32-v1_68,0,3,28,68,58.82,1017
rd32-v1_68,0,4,28,68,58.82,881
rd32-v1_68,0,5,28,68,58.82,783
rd32_270,0,1,57,148,61.49,1638
rd32_270,0,2,57,148,61.49,1427
rd32_270,0,3,57,148,61.49,1183
rd32_270,0,4,58,148,60.81,1033
rd32_270,0,5,56,148,62.16,910
rd53_130,0,1,748,1707,56.18,3760
rd53_130,0,2,751,1707,56.00,3269
rd53_130,0,3,752,1707,55.95,2875
rd53_130,0,4,747,1707,56.24,2629
rd53_130,0,5,751,1707,56.00,2462
rd53_131,0,1,351,829,57.66,3109
rd53_131,0,2,350,829,57.78,2500
rd53_131,0,3,349,829,57.90,2199
rd53_131,0,4,350,829,57.78,1990
rd53_131,0,5,350,829,57.78,1805
rd53_133,0,1,338,868,61.06,3153
rd53_133,0,2,338,868,61.06,2623
rd53_133,0,3,337,868,61.18,2161
rd53_133,0,4,344,868,60.37,2018
rd53_133,0,5,336,868,61.29,1745
rd53_135,0,1,190,440,56.82,2559
rd53_135,0,2,191,440,56.59,2245
rd53_135,0,3,192,440,56.36,1914
rd53_135,0,4,192,440,56.36,1651
rd53_135,0,5,190,440,56.82,1423
rd53_138,0,1,94,196,52.04,2478
rd53_138,0,2,94,196,52.04,1822
rd53_138,0,3,95,196,51.53,1688
rd53_138,0,4,94,196,52.04,1480
rd53_138,0,5,94,196,52.04,1319
rd53_251,0,1,846,1987,57.42,4052
rd53_251,0,2,851,1987,57.17,3308
rd53_251,0,3,849,1987,57.27,3113
rd53_251,0,4,842,1987,57.62,2866
rd53_251,0,5,840,1987,57.73,2715
rd53_311,0,1,228,459,50.33,2821
rd53_311,0,2,227,459,50.54,2350
rd53_311,0,3,227,459,50.54,2011
rd53_311,0,4,227,459,50.54,1798
rd53_311,0,5,229,459,50.11,1584
rd73_140,0,1,169,342,50.58,2720
rd73_140,0,2,169,342,50.58,2159
rd73_140,0,3,169,342,50.58,1879
rd73_140,0,4,168,342,50.88,1659
rd73_140,0,5,168,342,50.88,1460
rd73_252,0,1,3508,8153,56.97,7830
rd73_252,0,2,3527,8153,56.74,7291
rd73_252,0,3,3506,8153,57.00,6975
rd73_252,0,4,3550,8153,56.46,6823
rd73_252,0,5,3535,8153,56.64,6576
rd84_142,0,1,264,511,48.34,2995
rd84_142,0,2,265,511,48.14,2425
rd84_142,0,3,265,511,48.14,2113
rd84_142,0,4,264,511,48.34,1897
rd84_142,0,5,264,511,48.34,1720
rd84_253,0,1,10218,20778,50.82,8181
rd84_253,0,2,10215,20778,50.84,8182
rd84_253,0,3,10217,20778,50.83,8182
rd84_253,0,4,10222,20778,50.80,8182
rd84_253,0,5,10227,20778,50.78,8182
root_255,0,1,12767,26007,50.91,8182
root_255,0,2,12769,26007,50.90,8182
root_255,0,3,12771,26007,50.89,8182
root_255,0,4,12776,26007,50.87,8182
root_255,0,5,12774,26007,50.88,8182
sao2_257,0,1,28781,58105,50.47,8183
sao2_257,0,2,28785,58105,50.46,8183
sao2_257,0,3,28790,58105,50.45,8183
sao2_257,0,4,28783,58105,50.46,8183
sao2_257,0,5,28792,58105,50.45,8183
sf_274,0,1,554,1269,56.34,3566
sf_274,0,2,557,1269,56.11,3050
sf_274,0,3,552,1269,56.50,2648
sf_274,0,4,559,1269,55.95,2402
sf_274,0,5,555,1269,56.26,2228
sf_276,0,1,545,1242,56.12,3598
sf_276,0,2,546,1242,56.04,2956
sf_276,0,3,544,1242,56.20,2615
sf_276,0,4,511,1242,58.86,2436
sf_276,0,5,543,1242,56.28,2125
shor_15_7,0,1,31098,36598,15.03,8182
shor_15_7,0,2,31100,36598,15.02,8182
shor_15_7,0,3,31099,36598,15.03,8182
shor_15_7,0,4,31098,36598,15.03,8182
shor_15_7,0,5,31102,36598,15.02,8182
sqn_258,0,1,7757,15567,50.17,8183
sqn_258,0,2,7755,15567,50.18,8183
sqn_258,0,3,7755,15567,50.18,8183
sqn_258,0,4,7748,15567,50.23,8183
sqn_258,0,5,7758,15567,50.16,8183
sqrt8_260,0,1,1954,4601,57.53,5509
sqrt8_260,0,2,1964,4601,57.31,5155
sqrt8_260,0,3,1964,4601,57.31,4759
sqrt8_260,0,4,1950,4601,57.62,4527
sqrt8_260,0,5,1969,4601,57.20,4372
squar5_261,0,1,1232,3049,59.59,4434
squar5_261,0,2,1245,3049,59.17,4005
squar5_261,0,3,1231,3049,59.63,3681
squar5_261,0,4,1226,3049,59.79,3331
squar5_261,0,5,1239,3049,59.36,3276
square_root_7,0,1,4472,13330,66.45,8182
square_root_7,0,2,4465,13330,66.50,8100
square_root_7,0,3,4461,13330,66.53,7814
square_root_7,0,4,4479,13330,66.40,7569
square_root_7,0,5,4493,13330,66.29,7508
sym10_262,0,1,48015,97107,50.55,8183
sym10_262,0,2,48026,97107,50.54,8183
sym10_262,0,3,48023,97107,50.55,8183
sym10_262,0,4,48025,97107,50.54,8183
sym10_262,0,5,48024,97107,50.55,8183
sym6_145,0,1,2430,5832,58.33,6322
sym6_145,0,2,2429,5832,58.35,5829
sym6_145,0,3,2422,5832,58.47,5436
sym6_145,0,4,2420,5832,58.50,5236
sym6_145,0,5,2422,5832,58.47,5004
sym6_316,0,1,209,422,50.47,2890
sym6_316,0,2,208,422,50.71,2190
sym6_316,0,3,207,422,50.95,2030
sym6_316,0,4,207,422,50.95,1828
sym6_316,0,5,209,422,50.47,1640
sym9_146,0,1,255,488,47.75,3181
sym9_146,0,2,255,488,47.75,2199
sym9_146,0,3,255,488,47.75,2236
sym9_146,0,4,254,488,47.95,2015
sym9_146,0,5,255,488,47.75,1792
sym9_148,0,1,15414,32256,52.21,8183
sym9_148,0,2,15405,32256,52.24,8183
sym9_148,0,3,15400,32256,52.26,8183
sym9_148,0,4,15413,32256,52.22,8183
sym9_148,0,5,15418,32256,52.20,8183
sym9_193,0,1,26101,52809,50.57,8183
sym9_193,0,2,26102,52809,50.57,8183
sym9_193,0,3,26104,52809,50.57,8183
sym9_193,0,4,26103,52809,50.57,8183
sym9_193,0,5,26095,52809,50.59,8183
sys6-v0_111,0,1,164,319,48.59,2603
sys6-v0_111,0,2,164,319,48.59,2135
sys6-v0_111,0,3,164,319,48.59,1756
sys6-v0_111,0,4,165,319,48.28,1606
sys6-v0_111,0,5,165,319,48.28,1426
tof_10,0,1,215,255,15.69,2907
tof_10,0,2,215,255,15.69,2253
tof_10,0,3,215,255,15.69,1766
tof_10,0,4,215,255,15.69,1828
tof_10,0,5,215,255,15.69,1625
tof_3,0,1,40,45,11.11,1671
tof_3,0,2,40,45,11.11,1243
tof_3,0,3,40,45,11.11,1017
tof_3,0,4,40,45,11.11,884
tof_3,0,5,40,45,11.11,777
tof_4,0,1,65,75,13.33,2056
tof_4,0,2,65,75,13.33,1530
tof_4,0,3,65,75,13.33,1312
tof_4,0,4,65,75,13.33,1138
tof_4,0,5,65,75,13.33,1025
tof_5,0,1,90,105,14.29,2314
tof_5,0,2,90,105,14.29,1771
tof_5,0,3,90,105,14.29,1483
tof_5,0,4,90,105,14.29,1211
tof_5,0,5,90,105,14.29,1167
urf1_149,0,1,134177,277296,51.61,8176
urf1_149,0,2,134178,277296,51.61,8182
urf1_149,0,3,134176,277296,51.61,8180
urf1_149,0,4,134178,277296,51.61,8182
urf1_149,0,5,134178,277296,51.61,8182
urf1_278,0,1,47229,82494,42.75,8182
urf1_278,0,2,47230,82494,42.75,8183
urf1_278,0,3,47230,82494,42.75,8183
urf1_278,0,4,47228,82494,42.75,8183
urf1_278,0,5,47226,82494,42.75,8183
urf2_152,0,1,59350,120720,50.84,8182
urf2_152,0,2,59346,120720,50.84,8182
urf2_152,0,3,59351,120720,50.84,8183
urf2_152,0,4,59350,120720,50.84,8182
urf2_152,0,5,59352,120720,50.83,8180
urf2_277,0,1,18064,30016,39.82,8183
urf2_277,0,2,18064,30016,39.82,8183
urf2_277,0,3,18066,30016,39.81,8183
urf2_277,0,4,18065,30016,39.82,8182
urf2_277,0,5,18064,30016,39.82,8183
urf3_155,0,1,303850,635232,52.17,8174
urf3_155,0,2,303852,635232,52.17,8182
urf3_155,0,3,303853,635232,52.17,8174
urf3_155,0,4,303852,635232,52.17,8183
urf3_155,0,5,303854,635232,52.17,8183
urf3_279,0,1,107083,189986,43.64,8182
urf3_279,0,2,107082,189986,43.64,8182
urf3_279,0,3,107083,189986,43.64,8173
urf3_279,0,4,107081,189986,43.64,8183
urf3_279,0,5,107082,189986,43.64,8182
urf4_187,0,1,373412,768096,51.38,8177
urf4_187,0,2,373413,768096,51.38,8182
urf4_187,0,3,373414,768096,51.38,8183
urf4_187,0,4,373413,768096,51.38,8183
urf4_187,0,5,373414,768096,51.38,8183
urf5_158,0,1,117595,246624,52.32,8182
urf5_158,0,2,117594,246624,52.32,8182
urf5_158,0,3,117595,246624,52.32,8183
urf5_158,0,4,117592,246624,52.32,8183
urf5_158,0,5,117595,246624,52.32,8182
urf5_280,0,1,42462,75309,43.62,8182
urf5_280,0,2,42464,75309,43.61,8183
urf5_280,0,3,42464,75309,43.61,8183
urf5_280,0,4,42464,75309,43.61,8183
urf5_280,0,5,42464,75309,43.61,8182
urf6_160,0,1,117586,257760,54.38,8183
urf6_160,0,2,117586,257760,54.38,8183
urf6_160,0,3,117586,257760,54.38,8183
urf6_160,0,4,117586,257760,54.38,8182
urf6_160,0,5,117588,257760,54.38,8183
vbe_adder_3,0,1,83,150,44.67,2285
vbe_adder_3,0,2,83,150,44.67,1773
vbe_adder_3,0,3,83,150,44.67,1482
vbe_adder_3,0,4,83,150,44.67,1230
vbe_adder_3,0,5,84,150,44.00,1132
vqe_4,0,1,375,857,56.24,2779
vqe_4,0,2,375,857,56.24,2255
vqe_4,0,3,375,857,56.24,1956
vqe_4,0,4,375,857,56.24,1601
vqe_4,0,5,375,857,56.24,1643
vqe_nativegates_ibm_tket_8,0,1,204,703,70.98,1498
vqe_nativegates_ibm_tket_8,0,2,204,703,70.98,1211
vqe_nativegates_ibm_tket_8,0,3,204,703,70.98,957
vqe_nativegates_ibm_tket_8,0,4,204,703,70.98,918
vqe_nativegates_ibm_tket_8,0,5,204,703,70.98,865
vqe_uccsd_n4,0,1,297,892,66.70,2524
vqe_uccsd_n4,0,2,306,892,65.70,2058
vqe_uccsd_n4,0,3,252,892,71.75,1712
vqe_uccsd_n4,0,4,305,892,65.81,1572
vqe_uccsd_n4,0,5,307,892,65.58,1416
vqe_uccsd_n6,0,1,3114,8762,64.46,6353
vqe_uccsd_n6,0,2,3073,8762,64.93,5904
vqe_uccsd_n6,0,3,3089,8762,64.75,5717
vqe_uccsd_n6,0,4,3104,8762,64.57,5528
vqe_uccsd_n6,0,5,3072,8762,64.94,5321
vqe_uccsd_n8,0,1,15126,39032,61.25,8182
vqe_uccsd_n8,0,2,15128,39032,61.24,8182
vqe_uccsd_n8,0,3,15127,39032,61.24,8182
vqe_uccsd_n8,0,4,15128,39032,61.24,8182
vqe_uccsd_n8,0,5,15128,39032,61.24,8182
wim_266,0,1,658,1554,57.66,3667
wim_266,0,2,656,1554,57.79,2931
wim_266,0,3,658,1554,57.66,2781
wim_266,0,4,659,1554,57.59,2612
wim_266,0,5,656,1554,57.79,2454
xor5_254,0,1,7,23,69.57,869
xor5_254,0,2,7,23,69.57,637
xor5_254,0,3,7,23,69.57,484
xor5_254,0,4,7,23,69.57,417
xor5_254,0,5,15,23,34.78,351
z4_268,0,1,2014,4689,57.05,5105
z4_268,0,2,2044,4689,56.41,4943
z4_268,0,3,2022,4689,56.88,4755
z4_268,0,4,2020,4689,56.92,4434
z4_268,0,5,2018,4689,56.96,4216
0410184_169,2,1,196,363,46.01,2971
0410184_169,2,2,197,363,45.73,2315
0410184_169,2,3,198,363,45.45,1983
0410184_169,2,4,198,363,45.45,1743
0410184_169,2,5,197,363,45.73,1644
3_17_13,2,1,32,60,46.67,1241
3_17_13,2,2,32,60,46.67,922
3_17_13,2,3,33,60,45.00,676
3_17_13,2,4,33,60,45.00,586
3_17_13,2,5,33,60,45.00,515
4_49_16,2,1,159,329,51.67,2635
4_49_16,2,2,160,329,51.37,2118
4_49_16,2,3,159,329,51.67,1501
4_49_16,2,4,158,329,51.98,1568
4_49_16,2,5,160,329,51.37,1419
4gt10-v1_81,2,1,111,228,51.32,2407
4gt10-v1_81,2,2,110,228,51.75,1772
4gt10-v1_81,2,3,112,228,50.88,1591
4gt10-v1_81,2,4,111,228,51.32,1364
4gt10-v1_81,2,5,111,228,51.32,1245
4gt11_83,2,1,19,31,38.71,651
4gt11_83,2,2,19,31,38.71,477
4gt11_83,2,3,19,31,38.71,398
4gt11_83,2,4,19,31,38.71,357
4gt11_83,2,5,19,31,38.71,326
4gt11_84,2,1,17,26,34.62,2
4gt11_84,2,2,17,26,34.62,16
4gt11_84,2,3,17,26,34.62,1
4gt11_84,2,4,17,26,34.62,2
4gt11_84,2,5,17,26,34.62,16
4gt12-v0_86,2,1,163,371,56.06,2634
4gt12-v0_86,2,2,166,371,55.26,2045
4gt12-v0_86,2,3,163,371,56.06,1796
4gt12-v0_86,2,4,165,371,55.53,1611
4gt12-v0_86,2,5,164,371,55.80,1419
4gt12-v0_87,2,1,162,367,55.86,2679
4gt12-v0_87,2,2,163,367,55.59,1892
4gt12-v0_87,2,3,161,367,56.13,1701
4gt12-v0_87,2,4,162,367,55.86,1591
4gt12-v0_87,2,5,162,367,55.86,1448
4gt12-v0_88,2,1,139,290,52.07,2505
4gt12-v0_88,2,2,139,290,52.07,2014
4gt12-v0_88,2,3,139,290,52.07,1701
4gt12-v0_88,2,4,139,290,52.07,1489
4gt12-v0_88,2,5,139,290,52.07,1332
4gt12-v1_89,2,1,163,356,54.21,2641
4gt12-v1_89,2,2,163,356,54.21,2120
4gt12-v1_89,2,3,163,356,54.21,1715
4gt12-v1_89,2,4,163,356,54.21,1433
4gt12-v1_89,2,5,162,356,54.49,1446
4gt13-v1_93,2,1,59,116,49.14,1721
4gt13-v1_93,2,2,59,116,49.14,1342
4gt13-v1_93,2,3,57,116,50.86,1010
4gt13-v1_93,2,4,59,116,49.14,864
4gt13-v1_93,2,5,59,116,49.14,757
4gt13_90,2,1,64,155,58.71,1980
4gt13_90,2,2,61,155,60.65,2003
4gt13_90,2,3,61,155,60.65,1542
4gt13_90,2,4,65,155,58.06,987
4gt13_90,2,5,62,155,60.00,1102
4gt13_91,2,1,59,151,60.93,2343
4gt13_91,2,2,62,151,58.94,1909
4gt13_91,2,3,60,151,60.26,1569
4gt13_91,2,4,60,151,60.26,1448
4gt13_91,2,5,59,151,60.93,1121
4gt13_92,2,1,50,98,48.98,1582
4gt13_92,2,2,50,98,48.98,1140
4gt13_92,2,3,50,98,48.98,884
4gt13_92,2,4,50,98,48.98,747
4gt13_92,2,5,50,98,48.98,626
4gt4-v0_72,2,1,167,394,57.61,2303
4gt4-v0_72,2,2,167,394,57.61,1789
4gt4-v0_72,2,3,167,394,57.61,1751
4gt4-v0_72,2,4,166,394,57.87,1605
4gt4-v0_72,2,5,167,394,57.61,1327
4gt4-v0_73,2,1,243,587,58.60,4107
4gt4-v0_73,2,2,242,587,58.77,3301
4gt4-v0_73,2,3,244,587,58.43,2784
4gt4-v0_73,2,4,244,587,58.43,2449
4gt4-v0_73,2,5,244,587,58.43,2210
4gt4-v0_78,2,1,159,347,54.18,2611
4gt4-v0_78,2,2,159,347,54.18,2101
4gt4-v0_78,2,3,158,347,54.47,1786
4gt4-v0_78,2,4,159,347,54.18,1574
4gt4-v0_78,2,5,159,347,54.18,1431
4gt4-v0_79,2,1,156,343,54.52,2421
4gt4-v0_79,2,2,156,343,54.52,2129
4gt4-v0_79,2,3,156,343,54.52,1766
4gt4-v0_79,2,4,156,343,54.52,1579
4gt4-v0_79,2,5,156,343,54.52,1448
4gt4-v0_80,2,1,133,275,51.64,2019
4gt4-v0_80,2,2,134,275,51.27,1753
4gt4-v0_80,2,3,133,275,51.64,1652
4gt4-v0_80,2,4,132,275,52.00,1464
4gt4-v0_80,2,5,133,275,51.64,1278
4gt4-v1_74,2,1,200,417,52.04,2712
4gt4-v1_74,2,2,200,417,52.04,2228
4gt4-v1_74,2,3,200,417,52.04,1894
4gt4-v1_74,2,4,200,417,52.04,1672
4gt4-v1_74,2,5,200,417,52.04,1509
4gt5_76,2,1,57,131,56.49,2629
4gt5_76,2,2,57,131,56.49,2027
4gt5_76,2,3,57,131,56.49,1611
4gt5_76,2,4,59,131,54.96,1366
4gt5_76,2,5,57,131,56.49,1259
4gt5_77,2,1,99,203,51.23,2098
4gt5_77,2,2,99,203,51.23,1991
4gt5_77,2,3,99,203,51.23,1539
4gt5_77,2,4,99,203,51.23,1425
4gt5_77,2,5,98,203,51.72,1084
4mod5-bdd_287,2,1,66,126,47.62,2160
4mod5-bdd_287,2,2,66,126,47.62,1460
4mod5-bdd_287,2,3,66,126,47.62,1316
4mod5-bdd_287,2,4,66,126,47.62,1047
4mod5-bdd_287,2,5,66,126,47.62,945
4mod5-v0_18,2,1,40,117,65.81,1899
4mod5-v0_18,2,2,40,117,65.81,1483
4mod5-v0_18,2,3,40,117,65.81,1224
4mod5-v0_18,2,4,40,117,65.81,1034
4mod5-v0_18,2,5,40,117,65.81,902
4mod5-v0_19,2,1,30,59,49.15,634
4mod5-v0_19,2,2,30,59,49.15,584
4mod5-v0_19,2,3,30,59,49.15,561
4mod5-v0_19,2,4,30,59,49.15,499
4mod5-v0_19,2,5,30,59,49.15,408
4mod5-v0_20,2,1,21,36,41.67,516
4mod5-v0_20,2,2,21,36,41.67,407
4mod5-v0_20,2,3,21,36,41.67,327
4mod5-v0_20,2,4,21,36,41.67,282
4mod5-v0_20,2,5,21,36,41.67,244
4mod5-v1_22,2,1,22,37,40.54,548
4mod5-v1_22,2,2,22,37,40.54,427
4mod5-v1_22,2,3,22,37,40.54,343
4mod5-v1_22,2,4,22,37,40.54,300
4mod5-v1_22,2,5,22,37,40.54,271
4mod5-v1_23,2,1,41,109,62.39,1864
4mod5-v1_23,2,2,42,109,61.47,1330
4mod5-v1_23,2,3,42,109,61.47,1204
4mod5-v1_23,2,4,42,109,61.47,947
4mod5-v1_23,2,5,42,109,61.47,916
4mod5-v1_24,2,1,35,68,48.53,1432
4mod5-v1_24,2,2,35,68,48.53,973
4mod5-v1_24,2,3,38,68,44.12,694
4mod5-v1_24,2,4,35,68,48.53,691
4mod5-v1_24,2,5,35,68,48.53,530
4mod7-v0_94,2,1,101,242,58.26,2198
4mod7-v0_94,2,2,101,242,58.26,1977
4mod7-v0_94,2,3,101,242,58.26,1616
4mod7-v0_94,2,4,101,242,58.26,1189
4mod7-v0_94,2,5,101,242,58.26,1271
4mod7-v1_96,2,1,119,260,54.23,2346
4mod7-v1_96,2,2,119,260,54.23,1881
4mod7-v1_96,2,3,119,260,54.23,1582
4mod7-v1_96,2,4,119,260,54.23,1384
4mod7-v1_96,2,5,119,260,54.23,1238
9symml_195,2,1,26103,52809,50.57,3290
9symml_195,2,2,26103,52809,50.57,3513
9symml_195,2,3,26103,52809,50.57,3158
9symml_195,2,4,26103,52809,50.57,3416
9symml_195,2,5,26103,52809,50.57,3436
C17_204,2,1,302,707,57.28,3065
C17_204,2,2,303,707,57.14,2288
C17_204,2,3,302,707,57.28,2208
C17_204,2,4,304,707,57.00,1967
C17_204,2,5,303,707,57.14,1685
TFIM_step_100_16,2,1,2656,6240,57.44,5419
TFIM_step_100_16,2,2,2656,6240,57.44,5063
TFIM_step_100_16,2,3,2656,6240,57.44,4850
TFIM_step_100_16,2,4,2656,6240,57.44,4692
TFIM_step_100_16,2,5,2656,6240,57.44,4619
TFIM_step_100_32,2,1,10899,25792,57.74,2493
TFIM_step_100_32,2,2,10895,25792,57.76,2520
TFIM_step_100_32,2,3,10895,25792,57.76,2516
TFIM_step_100_32,2,4,10895,25792,57.76,2515
TFIM_step_100_32,2,5,10895,25792,57.76,2525
TFIM_step_100_4,2,1,136,312,56.41,1976
TFIM_step_100_4,2,2,136,312,56.41,1456
TFIM_step_100_4,2,3,136,312,56.41,1242
TFIM_step_100_4,2,4,136,312,56.41,1100
TFIM_step_100_4,2,5,136,312,56.41,994
TFIM_step_100_8,2,1,624,1456,57.14,3031
TFIM_step_100_8,2,2,624,1456,57.14,2498
TFIM_step_100_8,2,3,624,1456,57.14,2269
TFIM_step_100_8,2,4,624,1456,57.14,2041
TFIM_step_100_8,2,5,624,1456,57.14,1852
TFIM_step_10_4,2,1,136,312,56.41,1886
TFIM_step_10_4,2,2,136,312,56.41,1423
TFIM_step_10_4,2,3,136,312,56.41,1190
TFIM_step_10_4,2,4,136,312,56.41,1019
TFIM_step_10_4,2,5,136,312,56.41,963
TFIM_step_20_4,2,1,136,312,56.41,1882
TFIM_step_20_4,2,2,136,312,56.41,1435
TFIM_step_20_4,2,3,136,312,56.41,1196
TFIM_step_20_4,2,4,136,312,56.41,1075
TFIM_step_20_4,2,5,136,312,56.41,908
TFIM_step_30_4,2,1,136,312,56.41,1894
TFIM_step_30_4,2,2,136,312,56.41,1323
TFIM_step_30_4,2,3,136,312,56.41,1223
TFIM_step_30_4,2,4,136,312,56.41,950
TFIM_step_30_4,2,5,136,312,56.41,971
TFIM_step_40_4,2,1,136,312,56.41,1901
TFIM_step_40_4,2,2,136,312,56.41,1436
TFIM_step_40_4,2,3,136,312,56.41,1223
TFIM_step_40_4,2,4,136,312,56.41,1040
TFIM_step_40_4,2,5,136,312,56.41,921
TFIM_step_50_4,2,1,136,312,56.41,1653
TFIM_step_50_4,2,2,136,312,56.41,1422
TFIM_step_50_4,2,3,136,312,56.41,1058
TFIM_step_50_4,2,4,136,312,56.41,1082
TFIM_step_50_4,2,5,136,312,56.41,977
TFIM_step_60_4,2,1,136,312,56.41,1950
TFIM_step_60_4,2,2,136,312,56.41,1460
TFIM_step_60_4,2,3,136,312,56.41,1233
TFIM_step_60_4,2,4,136,312,56.41,1083
TFIM_step_60_4,2,5,136,312,56.41,993
TFIM_step_70_4,2,1,136,312,56.41,1919
TFIM_step_70_4,2,2,136,312,56.41,1447
TFIM_step_70_4,2,3,136,312,56.41,1206
TFIM_step_70_4,2,4,136,312,56.41,1082
TFIM_step_70_4,2,5,136,312,56.41,982
TFIM_step_80_4,2,1,136,312,56.41,1897
TFIM_step_80_4,2,2,136,312,56.41,1246
TFIM_step_80_4,2,3,136,312,56.41,1222
TFIM_step_80_4,2,4,136,312,56.41,1072
TFIM_step_80_4,2,5,136,312,56.41,924
TFIM_step_90_4,2,1,136,312,56.41,1908
TFIM_step_90_4,2,2,136,312,56.41,1430
TFIM_step_90_4,2,3,136,312,56.41,1193
TFIM_step_90_4,2,4,136,312,56.41,1084
TFIM_step_90_4,2,5,136,312,56.41,972
XY_step_100_4,2,1,128,288,55.56,2138
XY_step_100_4,2,2,128,288,55.56,1466
XY_step_100_4,2,3,128,288,55.56,1279
XY_step_100_4,2,4,128,288,55.56,1126
XY_step_100_4,2,5,128,288,55.56,988
XY_step_100_8,2,1,608,1344,54.76,2992
XY_step_100_8,2,2,608,1344,54.76,2324
XY_step_100_8,2,3,608,1344,54.76,2154
XY_step_100_8,2,4,608,1344,54.76,2037
XY_step_100_8,2,5,608,1344,54.76,1899
adder_4,2,1,103,267,61.42,1821
adder_4,2,2,103,267,61.42,1152
adder_4,2,3,103,267,61.42,951
adder_4,2,4,103,267,61.42,836
adder_4,2,5,103,267,61.42,727
adder_8,2,1,585,900,35.00,3560
adder_8,2,2,582,900,35.33,3118
adder_8,2,3,586,900,34.89,2786
adder_8,2,4,587,900,34.78,2594
adder_8,2,5,586,900,34.89,2393
adder_9,2,1,72,226,68.14,1752
adder_9,2,2,72,226,68.14,1506
adder_9,2,3,72,226,68.14,1244
adder_9,2,4,72,226,68.14,1099
adder_9,2,5,72,226,68.14,990
adr4_197,2,1,2164,5271,58.95,7065
adr4_197,2,2,2164,5271,58.95,6578
adr4_197,2,3,2164,5271,58.95,6436
adr4_197,2,4,2164,5271,58.95,6188
adr4_197,2,5,2164,5271,58.95,5892
ae_nativegates_ibm_tket_8,2,1,537,2310,76.75,2382
ae_nativegates_ibm_tket_8,2,2,537,2310,76.75,2284
ae_nativegates_ibm_tket_8,2,3,537,2310,76.75,2022
ae_nativegates_ibm_tket_8,2,4,537,2310,76.75,1840
ae_nativegates_ibm_tket_8,2,5,537,2310,76.75,1746
aj-e11_165,2,1,117,231,49.35,2421
aj-e11_165,2,2,114,231,50.65,1810
aj-e11_165,2,3,115,231,50.22,1635
aj-e11_165,2,4,116,231,49.78,1421
aj-e11_165,2,5,116,231,49.78,1214
alu-bdd_288,2,1,61,132,53.79,2482
alu-bdd_288,2,2,61,132,53.79,1629
alu-bdd_288,2,3,61,132,53.79,1430
alu-bdd_288,2,4,61,132,53.79,1059
alu-bdd_288,2,5,62,132,53.03,863
alu-v0_26,2,1,66,132,50.00,2019
alu-v0_26,2,2,66,132,50.00,1456
alu-v0_26,2,3,66,132,50.00,1271
alu-v0_26,2,4,66,132,50.00,986
alu-v0_26,2,5,67,132,49.24,782
alu-v0_27,2,1,38,60,36.67,628
alu-v0_27,2,2,38,60,36.67,576
alu-v0_27,2,3,38,60,36.67,437
alu-v0_27,2,4,38,60,36.67,400
alu-v0_27,2,5,38,60,36.67,351
alu-v1_28,2,1,36,61,40.98,1190
alu-v1_28,2,2,36,61,40.98,887
alu-v1_28,2,3,36,61,40.98,709
alu-v1_28,2,4,36,61,40.98,593
alu-v1_28,2,5,36,61,40.98,513
alu-v1_29,2,1,42,69,39.13,994
alu-v1_29,2,2,42,69,39.13,784
alu-v1_29,2,3,42,69,39.13,617
alu-v1_29,2,4,42,69,39.13,530
alu-v1_29,2,5,42,69,39.13,465
alu-v2_30,2,1,361,768,52.99,3218
alu-v2_30,2,2,362,768,52.86,2626
alu-v2_30,2,3,362,768,52.86,2350
alu-v2_30,2,4,362,768,52.86,2119
alu-v2_30,2,5,364,768,52.60,1784
alu-v2_31,2,1,301,683,55.93,3007
alu-v2_31,2,2,303,683,55.64,2599
alu-v2_31,2,3,301,683,55.93,2238
alu-v2_31,2,4,301,683,55.93,2053
alu-v2_31,2,5,302,683,55.78,1840
alu-v2_32,2,1,120,251,52.19,3056
alu-v2_32,2,2,120,251,52.19,2630
alu-v2_32,2,3,120,251,52.19,2215
alu-v2_32,2,4,120,251,52.19,1927
alu-v2_32,2,5,119,251,52.59,1519
alu-v2_33,2,1,43,69,37.68,1457
alu-v2_33,2,2,43,69,37.68,1009
alu-v2_33,2,3,43,69,37.68,836
alu-v2_33,2,4,43,69,37.68,726
alu-v2_33,2,5,43,69,37.68,621
alu-v3_34,2,1,50,84,40.48,1762
alu-v3_34,2,2,50,84,40.48,1152
alu-v3_34,2,3,50,84,40.48,857
alu-v3_34,2,4,50,84,40.48,753
alu-v3_34,2,5,50,84,40.48,610
alu-v3_35,2,1,38,61,37.70,768
alu-v3_35,2,2,38,61,37.70,636
alu-v3_35,2,3,38,61,37.70,476
alu-v3_35,2,4,38,61,37.70,428
alu-v3_35,2,5,38,61,37.70,383
alu-v4_36,2,1,80,179,55.31,2118
alu-v4_36,2,2,80,179,55.31,1677
alu-v4_36,2,3,80,179,55.31,1418
alu-v4_36,2,4,80,179,55.31,1227
alu-v4_36,2,5,80,179,55.31,1089
alu-v4_37,2,1,38,61,37.70,772
alu-v4_37,2,2,38,61,37.70,641
alu-v4_37,2,3,38,61,37.70,498
alu-v4_37,2,4,38,61,37.70,433
alu-v4_37,2,5,38,61,37.70,376
barenco_tof_10,2,1,335,450,25.56,3269
barenco_tof_10,2,2,335,450,25.56,2747
barenco_tof_10,2,3,335,450,25.56,2348
barenco_tof_10,2,4,335,450,25.56,2029
barenco_tof_10,2,5,335,450,25.56,1821
barenco_tof_3,2,1,48,58,17.24,1337
barenco_tof_3,2,2,48,58,17.24,969
barenco_tof_3,2,3,48,58,17.24,826
barenco_tof_3,2,4,48,58,17.24,682
barenco_tof_3,2,5,46,58,20.69,607
barenco_tof_4,2,1,89,114,21.93,2253
barenco_tof_4,2,2,89,114,21.93,1596
barenco_tof_4,2,3,89,114,21.93,1339
barenco_tof_4,2,4,89,114,21.93,1128
barenco_tof_4,2,5,89,114,21.93,975
barenco_tof_5,2,1,130,170,23.53,2593
barenco_tof_5,2,2,130,170,23.53,2020
barenco_tof_5,2,3,130,170,23.53,1696
barenco_tof_5,2,4,130,170,23.53,1474
barenco_tof_5,2,5,130,170,23.53,1334
clip_206,2,1,24914,51227,51.37,3650
clip_206,2,2,24914,51227,51.37,3589
clip_206,2,3,24914,51227,51.37,3739
clip_206,2,4,24914,51227,51.37,3710
clip_206,2,5,24914,51227,51.37,3947
cm152a_212,2,1,775,1869,58.53,4226
cm152a_212,2,2,776,1869,58.48,3713
cm152a_212,2,3,778,1869,58.37,3352
cm152a_212,2,4,777,1869,58.43,3086
cm152a_212,2,5,778,1869,58.37,2811
cm42a_207,2,1,1160,2776,58.21,4835
cm42a_207,2,2,1161,2776,58.18,4290
cm42a_207,2,3,1160,2776,58.21,3938
cm42a_207,2,4,1160,2776,58.21,3675
cm42a_207,2,5,1160,2776,58.21,3511
cm82a_208,2,1,414,1026,59.65,3201
cm82a_208,2,2,414,1026,59.65,2736
cm82a_208,2,3,414,1026,59.65,2435
cm82a_208,2,4,415,1026,59.55,2163
cm82a_208,2,5,415,1026,59.55,2033
cm85a_209,2,1,7496,17270,56.60,4793
cm85a_209,2,2,7496,17270,56.60,4727
cm85a_209,2,3,7496,17270,56.60,4790
cm85a_209,2,4,7496,17270,56.60,4753
cm85a_209,2,5,7496,17270,56.60,4435
cnt3-5_179,2,1,146,255,42.75,2660
cnt3-5_179,2,2,147,255,42.35,2104
cnt3-5_179,2,3,148,255,41.96,1801
cnt3-5_179,2,4,149,255,41.57,1537
cnt3-5_179,2,5,149,255,41.57,1413
cnt3-5_180,2,1,359,725,50.48,2825
cnt3-5_180,2,2,360,725,50.34,2614
cnt3-5_180,2,3,359,725,50.48,2294
cnt3-5_180,2,4,360,725,50.34,2070
cnt3-5_180,2,5,358,725,50.62,1722
co14_215,2,1,12824,27024,52.55,3888
co14_215,2,2,12687,27024,53.05,4143
co14_215,2,3,12703,27024,52.99,4120
co14_215,2,4,12626,27024,53.28,4227
co14_215,2,5,12588,27024,53.42,4286
con1_216,2,1,629,1490,57.79,3795
con1_216,2,2,628,1490,57.85,3316
con1_216,2,3,628,1490,57.85,2923
con1_216,2,4,628,1490,57.85,2641
con1_216,2,5,630,1490,57.72,2370
csla_mux_3,2,1,144,170,15.29,2384
csla_mux_3,2,2,144,170,15.29,1841
csla_mux_3,2,3,143,170,15.88,1883
csla_mux_3,2,4,144,170,15.29,1682
csla_mux_3,2,5,143,170,15.88,1518
csum_mux_9,2,1,259,420,38.33,3026
csum_mux_9,2,2,256,420,39.05,2588
csum_mux_9,2,3,257,420,38.81,2224
csum_mux_9,2,4,267,420,36.43,1934
csum_mux_9,2,5,264,420,37.14,1560
cycle10_2_110,2,1,3857,9074,57.49,4809
cycle10_2_110,2,2,3857,9074,57.49,4861
cycle10_2_110,2,3,3857,9074,57.49,4870
cycle10_2_110,2,4,3857,9074,57.49,4835
cycle10_2_110,2,5,3857,9074,57.49,4802
dc1_220,2,1,1197,2946,59.37,4810
dc1_220,2,2,1197,2946,59.37,4465
dc1_220,2,3,1197,2946,59.37,4010
dc1_220,2,4,1196,2946,59.40,3747
dc1_220,2,5,1195,2946,59.44,3502
dc2_222,2,1,6427,14350,55.21,4866
dc2_222,2,2,6427,14350,55.21,4923
dc2_222,2,3,6427,14350,55.21,4547
dc2_222,2,4,6427,14350,55.21,4607
dc2_222,2,5,6427,14350,55.21,5000
decod24-bdd_294,2,1,74,145,48.97,1708
decod24-bdd_294,2,2,65,145,55.17,1490
decod24-bdd_294,2,3,66,145,54.48,1329
decod24-bdd_294,2,4,74,145,48.97,995
decod24-bdd_294,2,5,74,145,48.97,885
decod24-enable_126,2,1,233,506,53.95,2926
decod24-enable_126,2,2,235,506,53.56,2416
decod24-enable_126,2,3,233,506,53.95,2039
decod24-enable_126,2,4,232,506,54.15,1803
decod24-enable_126,2,5,233,506,53.95,1629
decod24-v0_38,2,1,40,83,51.81,1565
decod24-v0_38,2,2,40,83,51.81,1180
decod24-v0_38,2,3,40,83,51.81,950
decod24-v0_38,2,4,40,83,51.81,807
decod24-v0_38,2,5,40,83,51.81,664
decod24-v1_41,2,1,72,141,48.94,1998
decod24-v1_41,2,2,72,141,48.94,1502
decod24-v1_41,2,3,72,141,48.94,1048
decod24-v1_41,2,4,72,141,48.94,1035
decod24-v1_41,2,5,72,141,48.94,923
decod24-v2_43,2,1,52,100,48.00,1821
decod24-v2_43,2,2,52,100,48.00,1388
decod24-v2_43,2,3,52,100,48.00,1149
decod24-v2_43,2,4,52,100,48.00,996
decod24-v2_43,2,5,52,100,48.00,851
decod24-v3_45,2,1,129,262,50.76,2160
decod24-v3_45,2,2,123,262,53.05,1832
decod24-v3_45,2,3,129,262,50.76,1585
decod24-v3_45,2,4,129,262,50.76,1410
decod24-v3_45,2,5,124,262,52.67,1255
dist_223,2,1,28214,57486,50.92,2884
dist_223,2,2,28214,57486,50.92,3123
dist_223,2,3,28214,57486,50.92,3160
dist_223,2,4,28214,57486,50.92,3803
dist_223,2,5,28214,57486,50.92,3550
ex-1_166,2,1,22,35,37.14,180
ex-1_166,2,2,22,35,37.14,180
ex-1_166,2,3,22,35,37.14,172
ex-1_166,2,4,22,35,37.14,163
ex-1_166,2,5,22,35,37.14,154
ex1_226,2,1,15,23,34.78,16
ex1_226,2,2,15,23,34.78,16
ex1_226,2,3,15,23,34.78,16
ex1_226,2,4,15,23,34.78,17
ex1_226,2,5,15,23,34.78,17
ex2_227,2,1,417,983,57.58,3378
ex2_227,2,2,416,983,57.68,2736
ex2_227,2,3,419,983,57.38,2490
ex2_227,2,4,421,983,57.17,2116
ex2_227,2,5,419,983,57.38,1914
ex3_229,2,1,276,627,55.98,3005
ex3_229,2,2,278,627,55.66,2517
ex3_229,2,3,278,627,55.66,2149
ex3_229,2,4,278,627,55.66,1906
ex3_229,2,5,277,627,55.82,1751
f2_232,2,1,766,1854,58.68,4123
f2_232,2,2,765,1854,58.74,3497
f2_232,2,3,775,1854,58.20,3222
f2_232,2,4,770,1854,58.47,2892
f2_232,2,5,768,1854,58.58,2836
gf2^10_mult,2,1,993,1347,26.28,4663
gf2^10_mult,2,2,1347,1347,0.00,0
gf2^10_mult,2,3,1347,1347,0.00,0
gf2^10_mult,2,4,1347,1347,0.00,0
gf2^10_mult,2,5,1347,1347,0.00,0
gf2^4_mult,2,1,173,225,23.11,2890
gf2^4_mult,2,2,172,225,23.56,2405
gf2^4_mult,2,3,174,225,22.67,2055
gf2^4_mult,2,4,171,225,24.00,1562
gf2^4_mult,2,5,173,225,23.11,1525
gf2^5_mult,2,1,268,347,22.77,3056
gf2^5_mult,2,2,270,347,22.19,2598
gf2^5_mult,2,3,269,347,22.48,2349
gf2^5_mult,2,4,269,347,22.48,2161
gf2^5_mult,2,5,269,347,22.48,1900
gf2^6_mult,2,1,377,495,23.84,3494
gf2^6_mult,2,2,376,495,24.04,2919
gf2^6_mult,2,3,378,495,23.64,2408
gf2^6_mult,2,4,378,495,23.64,2327
gf2^6_mult,2,5,379,495,23.43,2233
gf2^7_mult,2,1,506,669,24.36,3685
gf2^7_mult,2,2,669,669,0.00,0
gf2^7_mult,2,3,669,669,0.00,0
gf2^7_mult,2,4,669,669,0.00,0
gf2^7_mult,2,5,669,669,0.00,0
gf2^8_mult,2,1,652,883,26.16,4050
gf2^8_mult,2,2,654,883,25.93,3503
gf2^8_mult,2,3,650,883,26.39,3269
gf2^8_mult,2,4,650,883,26.39,3004
gf2^8_mult,2,5,650,883,26.39,2707
gf2^9_mult,2,1,812,1095,25.84,4124
gf2^9_mult,2,2,812,1095,25.84,3780
gf2^9_mult,2,3,812,1095,25.84,3503
gf2^9_mult,2,4,812,1095,25.84,3289
gf2^9_mult,2,5,812,1095,25.84,3076
graycode6_47,2,1,5,5,0.00,1
graycode6_47,2,2,5,5,0.00,1
graycode6_47,2,3,5,5,0.00,1
graycode6_47,2,4,5,5,0.00,1
graycode6_47,2,5,5,5,0.00,2
ground_state_estimation_10,2,1,10712,390180,97.25,1086
ground_state_estimation_10,2,2,10712,390180,97.25,1086
ground_state_estimation_10,2,3,10712,390180,97.25,1086
ground_state_estimation_10,2,4,10712,390180,97.25,1086
ground_state_estimation_10,2,5,10712,390180,97.25,1086
grover_pigeon3,2,1,8399,25714,67.34,8182
grover_pigeon3,2,2,8399,25714,67.34,8182
grover_pigeon3,2,3,8399,25714,67.34,8182
grover_pigeon3,2,4,8399,25714,67.34,8182
grover_pigeon3,2,5,8399,25714,67.34,8182
ham15-high,2,1,2813,7498,62.48,8182
ham15-high,2,2,2810,7498,62.52,8029
ham15-high,2,3,2811,7498,62.51,7703
ham15-high,2,4,2808,7498,62.55,7796
ham15-high,2,5,2812,7498,62.50,7802
ham15-low,2,1,328,713,54.00,1736
ham15-low,2,2,325,713,54.42,1583
ham15-low,2,3,325,713,54.42,1521
ham15-low,2,4,329,713,53.86,1474
ham15-low,2,5,325,713,54.42,1409
ham15-med,2,1,654,1907,65.71,3715
ham15-med,2,2,649,1907,65.97,3295
ham15-med,2,3,647,1907,66.07,3014
ham15-med,2,4,646,1907,66.12,2832
ham15-med,2,5,1907,1907,0.00,0
ham15_107,2,1,6059,13123,53.83,4864
ham15_107,2,2,6059,13123,53.83,4865
ham15_107,2,3,6059,13123,53.83,4826
ham15_107,2,4,6059,13123,53.83,4864
ham15_107,2,5,6059,13123,53.83,4828
ham3_102,2,1,16,28,42.86,1
ham3_102,2,2,16,28,42.86,1
ham3_102,2,3,16,28,42.86,1
ham3_102,2,4,16,28,42.86,1
ham3_102,2,5,16,28,42.86,1
ham7_104,2,1,226,472,52.12,2953
ham7_104,2,2,220,472,53.39,2431
ham7_104,2,3,221,472,53.18,1782
ham7_104,2,4,222,472,52.97,1800
ham7_104,2,5,225,472,52.33,1664
heisenberg_step_10_4,2,1,419,1472,71.54,3418
heisenberg_step_10_4,2,2,419,1472,71.54,2604
heisenberg_step_10_4,2,3,419,1472,71.54,2192
heisenberg_step_10_4,2,4,419,1472,71.54,2075
heisenberg_step_10_4,2,5,419,1472,71.54,1863
heisenberg_step_15_4,2,1,619,2207,71.95,3220
heisenberg_step_15_4,2,2,619,2207,71.95,2645
heisenberg_step_15_4,2,3,619,2207,71.95,2336
heisenberg_step_15_4,2,4,619,2207,71.95,2192
heisenberg_step_15_4,2,5,619,2207,71.95,1929
heisenberg_step_20_4,2,1,819,2942,72.16,3431
heisenberg_step_20_4,2,2,819,2942,72.16,3011
heisenberg_step_20_4,2,3,819,2942,72.16,2714
heisenberg_step_20_4,2,4,819,2942,72.16,2440
heisenberg_step_20_4,2,5,819,2942,72.16,2294
heisenberg_step_25_4,2,1,1019,3677,72.29,3779
heisenberg_step_25_4,2,2,1019,3677,72.29,3216
heisenberg_step_25_4,2,3,1019,3677,72.29,2961
heisenberg_step_25_4,2,4,1019,3677,72.29,2806
heisenberg_step_25_4,2,5,1019,3677,72.29,2685
heisenberg_step_30_4,2,1,1219,4412,72.37,4088
heisenberg_step_30_4,2,2,4412,4412,0.00,0
heisenberg_step_30_4,2,3,4412,4412,0.00,0
heisenberg_step_30_4,2,4,4412,4412,0.00,0
heisenberg_step_30_4,2,5,4412,4412,0.00,0
heisenberg_step_35_4,2,1,1421,5147,72.39,4315
heisenberg_step_35_4,2,2,1419,5147,72.43,4135
heisenberg_step_35_4,2,3,1419,5147,72.43,3696
heisenberg_step_35_4,2,4,1419,5147,72.43,3482
heisenberg_step_35_4,2,5,1419,5147,72.43,3230
heisenberg_step_40_4,2,1,1619,5882,72.48,4588
heisenberg_step_40_4,2,2,1621,5882,72.44,4210
heisenberg_step_40_4,2,3,1621,5882,72.44,3969
heisenberg_step_40_4,2,4,1619,5882,72.48,3804
heisenberg_step_40_4,2,5,1619,5882,72.48,3628
heisenberg_step_45_4,2,1,1819,6617,72.51,4982
heisenberg_step_45_4,2,2,1819,6617,72.51,4728
heisenberg_step_45_4,2,3,1819,6617,72.51,4413
heisenberg_step_45_4,2,4,1819,6617,72.51,4120
heisenberg_step_45_4,2,5,1819,6617,72.51,3956
heisenberg_step_50_4,2,1,2019,7352,72.54,5321
heisenberg_step_50_4,2,2,7352,7352,0.00,0
heisenberg_step_50_4,2,3,7352,7352,0.00,0
heisenberg_step_50_4,2,4,7352,7352,0.00,0
heisenberg_step_50_4,2,5,7352,7352,0.00,0
heisenberg_step_50_8,2,1,5583,17154,67.45,4122
heisenberg_step_50_8,2,2,5583,17154,67.45,4163
heisenberg_step_50_8,2,3,5583,17154,67.45,4094
heisenberg_step_50_8,2,4,5583,17154,67.45,4126
heisenberg_step_50_8,2,5,5583,17154,67.45,3775
heisenberg_step_5_4,2,1,219,737,70.28,2789
heisenberg_step_5_4,2,2,219,737,70.28,2135
heisenberg_step_5_4,2,3,219,737,70.28,1549
heisenberg_step_5_4,2,4,219,737,70.28,1564
heisenberg_step_5_4,2,5,219,737,70.28,1395
hlf_10,2,1,52,161,67.70,1403
hlf_10,2,2,50,161,68.94,1063
hlf_10,2,3,51,161,68.32,922
hlf_10,2,4,53,161,67.08,806
hlf_10,2,5,53,161,67.08,718
hlf_5,2,1,44,95,53.68,1126
hlf_5,2,2,95,95,0.00,0
hlf_5,2,3,95,95,0.00,0
hlf_5,2,4,95,95,0.00,0
hlf_5,2,5,95,95,0.00,0
hwb4_49,2,1,153,345,55.65,2238
hwb4_49,2,2,154,345,55.36,2084
hwb4_49,2,3,155,345,55.07,1555
hwb4_49,2,4,153,345,55.65,1581
hwb4_49,2,5,152,345,55.94,1344
hwb5_53,2,1,941,1992,52.76,4559
hwb5_53,2,2,938,1992,52.91,3879
hwb5_53,2,3,935,1992,53.06,3470
hwb5_53,2,4,941,1992,52.76,3420
hwb5_53,2,5,942,1992,52.71,3126
hwb6,2,1,223,491,54.58,2818
hwb6,2,2,223,491,54.58,2369
hwb6,2,3,222,491,54.79,2018
hwb6,2,4,223,491,54.58,1768
hwb6,2,5,223,491,54.58,1583
hwb6_56,2,1,4688,10075,53.47,5029
hwb6_56,2,2,10075,10075,0.00,0
hwb6_56,2,3,10075,10075,0.00,0
hwb6_56,2,4,10075,10075,0.00,0
hwb6_56,2,5,10075,10075,0.00,0
hwb7_59,2,1,18687,36555,48.88,3805
hwb7_59,2,2,18687,36555,48.88,3791
hwb7_59,2,3,18687,36555,48.88,3904
hwb7_59,2,4,18687,36555,48.88,3725
hwb7_59,2,5,18687,36555,48.88,3528
hwb8_113,2,1,52934,104068,49.14,2714
hwb8_113,2,2,52934,104068,49.14,2744
hwb8_113,2,3,52934,104068,49.14,2730
hwb8_113,2,4,52934,104068,49.14,2674
hwb8_113,2,5,52934,104068,49.14,2683
hwb9_119,2,1,157409,311615,49.49,1933
hwb9_119,2,2,157409,311615,49.49,1933
hwb9_119,2,3,157409,311615,49.49,1906
hwb9_119,2,4,157409,311615,49.49,1922
hwb9_119,2,5,157409,311615,49.49,1938
inc_237,2,1,7143,16115,55.67,4684
inc_237,2,2,16115,16115,0.00,0
inc_237,2,3,16115,16115,0.00,0
inc_237,2,4,16115,16115,0.00,0
inc_237,2,5,16115,16115,0.00,0
ising_model_10,2,1,288,920,68.70,2407
ising_model_10,2,2,288,920,68.70,2048
ising_model_10,2,3,288,920,68.70,1801
ising_model_10,2,4,288,920,68.70,1595
ising_model_10,2,5,288,920,68.70,1362
ising_model_13,2,1,378,1205,68.63,2485
ising_model_13,2,2,378,1205,68.63,2285
ising_model_13,2,3,378,1205,68.63,2032
ising_model_13,2,4,378,1205,68.63,1810
ising_model_13,2,5,378,1205,68.63,1706
ising_model_16,2,1,468,1490,68.59,2827
ising_model_16,2,2,468,1490,68.59,2620
ising_model_16,2,3,468,1490,68.59,2304
ising_model_16,2,4,468,1490,68.59,2080
ising_model_16,2,5,468,1490,68.59,1849
life_238,2,1,16682,34005,50.94,4029
life_238,2,2,34005,34005,0.00,0
life_238,2,3,34005,34005,0.00,0
life_238,2,4,34005,34005,0.00,0
life_238,2,5,34005,34005,0.00,0
majority_239,2,1,396,940,57.87,3315
majority_239,2,2,396,940,57.87,2494
majority_239,2,3,397,940,57.77,2390
majority_239,2,4,396,940,57.87,1983
majority_239,2,5,396,940,57.87,1986
max46_240,2,1,20486,41094,50.15,3676
max46_240,2,2,20486,41094,50.15,3704
max46_240,2,3,20486,41094,50.15,3701
max46_240,2,4,20486,41094,50.15,3695
max46_240,2,5,20484,41094,50.15,3706
miller_11,2,1,42,74,43.24,1677
miller_11,2,2,42,74,43.24,1214
miller_11,2,3,42,74,43.24,847
miller_11,2,4,42,74,43.24,752
miller_11,2,5,42,74,43.24,710
mini-alu_167,2,1,432,432,0.00,0
mini-alu_167,2,2,432,432,0.00,0
mini-alu_167,2,3,432,432,0.00,0
mini-alu_167,2,4,432,432,0.00,0
mini-alu_167,2,5,432,432,0.00,0
mini_alu_305,2,1,148,301,50.83,2457
mini_alu_305,2,2,148,301,50.83,2027
mini_alu_305,2,3,148,301,50.83,1680
mini_alu_305,2,4,148,301,50.83,1309
mini_alu_305,2,5,148,301,50.83,1376
misex1_241,2,1,2981,7317,59.26,8182
misex1_241,2,2,2981,7317,59.26,8182
misex1_241,2,3,2981,7317,59.26,8138
misex1_241,2,4,2981,7317,59.26,8183
misex1_241,2,5,2981,7317,59.26,8115
mlp4_245,2,1,13242,28548,53.61,4005
mlp4_245,2,2,13242,28548,53.61,3527
mlp4_245,2,3,13200,28548,53.76,4111
mlp4_245,2,4,13242,28548,53.61,3794
mlp4_245,2,5,13242,28548,53.61,4028
mod10_171,2,1,372,372,0.00,0
mod10_171,2,2,372,372,0.00,0
mod10_171,2,3,372,372,0.00,0
mod10_171,2,4,372,372,0.00,0
mod10_171,2,5,372,372,0.00,0
mod10_176,2,1,126,274,54.01,2408
mod10_176,2,2,127,274,53.65,2067
mod10_176,2,3,125,274,54.38,1939
mod10_176,2,4,124,274,54.74,1772
mod10_176,2,5,125,274,54.38,1530
mod5_4,2,1,35,63,44.44,1684
mod5_4,2,2,36,63,42.86,1287
mod5_4,2,3,35,63,44.44,1039
mod5_4,2,4,36,63,42.86,772
mod5_4,2,5,36,63,42.86,806
mod5adder_127,2,1,429,907,52.70,3291
mod5adder_127,2,2,907,907,0.00,0
mod5adder_127,2,3,907,907,0.00,0
mod5adder_127,2,4,907,907,0.00,0
mod5adder_127,2,5,907,907,0.00,0
mod5d1_63,2,1,30,30,0.00,0
mod5d1_63,2,2,30,30,0.00,0
mod5d1_63,2,3,30,30,0.00,0
mod5d1_63,2,4,30,30,0.00,0
mod5d1_63,2,5,30,30,0.00,0
mod5d2_64,2,1,41,85,51.76,2013
mod5d2_64,2,2,42,85,50.59,1498
mod5d2_64,2,3,41,85,51.76,1210
mod5d2_64,2,4,41,85,51.76,910
mod5d2_64,2,5,41,85,51.76,918
mod5mils_65,2,1,29,59,50.85,502
mod5mils_65,2,2,29,59,50.85,490
mod5mils_65,2,3,29,59,50.85,473
mod5mils_65,2,4,29,59,50.85,407
mod5mils_65,2,5,29,59,50.85,335
mod8-10_177,2,1,305,664,54.07,3129
mod8-10_177,2,2,664,664,0.00,0
mod8-10_177,2,3,664,664,0.00,0
mod8-10_177,2,4,664,664,0.00,0
mod8-10_177,2,5,664,664,0.00,0
mod8-10_178,2,1,518,518,0.00,0
mod8-10_178,2,2,518,518,0.00,0
mod8-10_178,2,3,518,518,0.00,0
mod8-10_178,2,4,518,518,0.00,0
mod8-10_178,2,5,518,518,0.00,0
mod_mult_55,2,1,85,119,28.57,2187
mod_mult_55,2,2,85,119,28.57,1338
mod_mult_55,2,3,85,119,28.57,1060
mod_mult_55,2,4,85,119,28.57,1037
mod_mult_55,2,5,85,119,28.57,884
mod_red_21,2,1,207,278,25.54,2766
mod_red_21,2,2,278,278,0.00,0
mod_red_21,2,3,278,278,0.00,0
mod_red_21,2,4,278,278,0.00,0
mod_red_21,2,5,278,278,0.00,0
muliply_5,2,1,281,281,0.00,0
muliply_5,2,2,281,281,0.00,0
muliply_5,2,3,281,281,0.00,0
muliply_5,2,4,281,281,0.00,0
muliply_5,2,5,281,281,0.00,0
multiply_10,2,1,350,350,0.00,0
multiply_10,2,2,350,350,0.00,0
multiply_10,2,3,350,350,0.00,0
multiply_10,2,4,350,350,0.00,0
multiply_10,2,5,350,350,0.00,0
one-two-three-v0_97,2,1,205,434,52.76,2823
one-two-three-v0_97,2,2,203,434,53.23,2293
one-two-three-v0_97,2,3,200,434,53.92,1910
one-two-three-v0_97,2,4,204,434,53.00,1599
one-two-three-v0_97,2,5,202,434,53.46,1439
one-two-three-v0_98,2,1,100,218,54.13,2508
one-two-three-v0_98,2,2,218,218,0.00,0
one-two-three-v0_98,2,3,218,218,0.00,0
one-two-three-v0_98,2,4,218,218,0.00,0
one-two-three-v0_98,2,5,218,218,0.00,0
one-two-three-v1_99,2,1,204,204,0.00,0
one-two-three-v1_99,2,2,204,204,0.00,0
one-two-three-v1_99,2,3,204,204,0.00,0
one-two-three-v1_99,2,4,204,204,0.00,0
one-two-three-v1_99,2,5,204,204,0.00,0
one-two-three-v2_100,2,1,109,109,0.00,0
one-two-three-v2_100,2,2,109,109,0.00,0
one-two-three-v2_100,2,3,109,109,0.00,0
one-two-three-v2_100,2,4,109,109,0.00,0
one-two-three-v2_100,2,5,109,109,0.00,0
one-two-three-v3_101,2,1,68,118,42.37,2015
one-two-three-v3_101,2,2,68,118,42.37,1589
one-two-three-v3_101,2,3,68,118,42.37,1314
one-two-three-v3_101,2,4,68,118,42.37,1119
one-two-three-v3_101,2,5,68,118,42.37,996
plus63mod4096_163,2,1,94948,193120,50.83,2315
plus63mod4096_163,2,2,193120,193120,0.00,0
plus63mod4096_163,2,3,193120,193120,0.00,0
plus63mod4096_163,2,4,193120,193120,0.00,0
plus63mod4096_163,2,5,193120,193120,0.00,0
plus63mod8192_164,2,1,280672,280672,0.00,0
plus63mod8192_164,2,2,280672,280672,0.00,0
plus63mod8192_164,2,3,280672,280672,0.00,0
plus63mod8192_164,2,4,280672,280672,0.00,0
plus63mod8192_164,2,5,280672,280672,0.00,0
pm1_249,2,1,2776,2776,0.00,0
pm1_249,2,2,2776,2776,0.00,0
pm1_249,2,3,2776,2776,0.00,0
pm1_249,2,4,2776,2776,0.00,0
pm1_249,2,5,2776,2776,0.00,0
portfolioqaoa_nativegates_ibm_tket_8,2,1,1451,6400,77.33,4190
portfolioqaoa_nativegates_ibm_tket_8,2,2,1451,6400,77.33,3715
portfolioqaoa_nativegates_ibm_tket_8,2,3,1451,6400,77.33,3505
portfolioqaoa_nativegates_ibm_tket_8,2,4,1451,6400,77.33,3275
portfolioqaoa_nativegates_ibm_tket_8,2,5,1451,6400,77.33,3137
portfoliovqe_nativegates_ibm_tket_8,2,1,760,2532,69.98,2860
portfoliovqe_nativegates_ibm_tket_8,2,2,2532,2532,0.00,0
portfoliovqe_nativegates_ibm_tket_8,2,3,2532,2532,0.00,0
portfoliovqe_nativegates_ibm_tket_8,2,4,2532,2532,0.00,0
portfoliovqe_nativegates_ibm_tket_8,2,5,2532,2532,0.00,0
qaoa_10,2,1,285,285,0.00,0
qaoa_10,2,2,285,285,0.00,0
qaoa_10,2,3,285,285,0.00,0
qaoa_10,2,4,285,285,0.00,0
qaoa_10,2,5,285,285,0.00,0
qaoa_5,2,1,285,285,0.00,0
qaoa_5,2,2,285,285,0.00,0
qaoa_5,2,3,285,285,0.00,0
qaoa_5,2,4,285,285,0.00,0
qaoa_5,2,5,285,285,0.00,0
qaoa_n10_p4,2,1,346,910,61.98,2573
qaoa_n10_p4,2,2,346,910,61.98,1828
qaoa_n10_p4,2,3,345,910,62.09,1933
qaoa_n10_p4,2,4,345,910,62.09,1738
qaoa_n10_p4,2,5,345,910,62.09,1586
qaoa_n14_p4,2,1,481,1274,62.24,3118
qaoa_n14_p4,2,2,1274,1274,0.00,0
qaoa_n14_p4,2,3,1274,1274,0.00,0
qaoa_n14_p4,2,4,1274,1274,0.00,0
qaoa_n14_p4,2,5,1274,1274,0.00,0
qaoa_n20_p4,2,1,1820,1820,0.00,0
qaoa_n20_p4,2,2,1820,1820,0.00,0
qaoa_n20_p4,2,3,1820,1820,0.00,0
qaoa_n20_p4,2,4,1820,1820,0.00,0
qaoa_n20_p4,2,5,1820,1820,0.00,0
qaoa_n30_p4,2,1,2730,2730,0.00,0
qaoa_n30_p4,2,2,2730,2730,0.00,0
qaoa_n30_p4,2,3,2730,2730,0.00,0
qaoa_n30_p4,2,4,2730,2730,0.00,0
qaoa_n30_p4,2,5,2730,2730,0.00,0
qaoa_n4_p4,2,1,123,364,66.21,2292
qaoa_n4_p4,2,2,123,364,66.21,1801
qaoa_n4_p4,2,3,124,364,65.93,1500
qaoa_n4_p4,2,4,125,364,65.66,1305
qaoa_n4_p4,2,5,126,364,65.38,1163
qaoa_n6_p4,2,1,202,546,63.00,2905
qaoa_n6_p4,2,2,546,546,0.00,0
qaoa_n6_p4,2,3,546,546,0.00,0
qaoa_n6_p4,2,4,546,546,0.00,0
qaoa_n6_p4,2,5,546,546,0.00,0
qaoa_n8_p4,2,1,728,728,0.00,0
qaoa_n8_p4,2,2,728,728,0.00,0
qaoa_n8_p4,2,3,728,728,0.00,0
qaoa_n8_p4,2,4,728,728,0.00,0
qaoa_n8_p4,2,5,728,728,0.00,0
qaoa_nativegates_ibm_tket_8,2,1,1364,1364,0.00,0
qaoa_nativegates_ibm_tket_8,2,2,1364,1364,0.00,0
qaoa_nativegates_ibm_tket_8,2,3,1364,1364,0.00,0
qaoa_nativegates_ibm_tket_8,2,4,1364,1364,0.00,0
qaoa_nativegates_ibm_tket_8,2,5,1364,1364,0.00,0
qcla_adder_10,2,1,410,521,21.31,3093
qcla_adder_10,2,2,411,521,21.11,2749
qcla_adder_10,2,3,409,521,21.50,2398
qcla_adder_10,2,4,413,521,20.73,2080
qcla_adder_10,2,5,521,521,0.00,0
qcla_com_7,2,1,443,443,0.00,0
qcla_com_7,2,2,443,443,0.00,0
qcla_com_7,2,3,443,443,0.00,0
qcla_com_7,2,4,443,443,0.00,0
qcla_com_7,2,5,443,443,0.00,0
qcla_mod_7,2,1,884,884,0.00,0
qcla_mod_7,2,2,884,884,0.00,0
qcla_mod_7,2,3,884,884,0.00,0
qcla_mod_7,2,4,884,884,0.00,0
qcla_mod_7,2,5,884,884,0.00,0
qe_qft_4,2,1,423,423,0.00,0
qe_qft_4,2,2,423,423,0.00,0
qe_qft_4,2,3,423,423,0.00,0
qe_qft_4,2,4,423,423,0.00,0
qe_qft_4,2,5,423,423,0.00,0
qe_qft_5,2,1,264,659,59.94,1932
qe_qft_5,2,2,659,659,0.00,0
qe_qft_5,2,3,659,659,0.00,0
qe_qft_5,2,4,659,659,0.00,0
qe_qft_5,2,5,659,659,0.00,0
qft_10_quest,2,1,401,401,0.00,0
qft_10_quest,2,2,401,401,0.00,0
qft_10_quest,2,3,401,401,0.00,0
qft_10_quest,2,4,401,401,0.00,0
qft_10_quest,2,5,401,401,0.00,0
qft_20,2,1,626,5610,88.84,3041
qft_20,2,2,5610,5610,0.00,0
qft_20,2,3,5610,5610,0.00,0
qft_20,2,4,5610,5610,0.00,0
qft_20,2,5,5610,5610,0.00,0
qft_5,2,1,348,348,0.00,0
qft_5,2,2,348,348,0.00,0
qft_5,2,3,348,348,0.00,0
qft_5,2,4,348,348,0.00,0
qft_5,2,5,348,348,0.00,0
qft_nativegates_ibm_tket_8,2,1,2574,2574,0.00,0
qft_nativegates_ibm_tket_8,2,2,2574,2574,0.00,0
qft_nativegates_ibm_tket_8,2,3,2574,2574,0.00,0
qft_nativegates_ibm_tket_8,2,4,2574,2574,0.00,0
qft_nativegates_ibm_tket_8,2,5,2574,2574,0.00,0
qftentangled_nativegates_ibm_tket_8,2,1,2853,2853,0.00,0
qftentangled_nativegates_ibm_tket_8,2,2,2853,2853,0.00,0
qftentangled_nativegates_ibm_tket_8,2,3,2853,2853,0.00,0
qftentangled_nativegates_ibm_tket_8,2,4,2853,2853,0.00,0
qftentangled_nativegates_ibm_tket_8,2,5,2853,2853,0.00,0
qgan_nativegates_ibm_tket_8,2,1,280,928,69.83,1826
qgan_nativegates_ibm_tket_8,2,2,928,928,0.00,0
qgan_nativegates_ibm_tket_8,2,3,928,928,0.00,0
qgan_nativegates_ibm_tket_8,2,4,928,928,0.00,0
qgan_nativegates_ibm_tket_8,2,5,928,928,0.00,0
qiskit-3_17_13,2,1,60,60,0.00,0
qiskit-3_17_13,2,2,60,60,0.00,0
qiskit-3_17_13,2,3,60,60,0.00,0
qiskit-3_17_13,2,4,60,60,0.00,0
qiskit-3_17_13,2,5,60,60,0.00,0
qiskit-alu-v0_26,2,1,132,132,0.00,0
qiskit-alu-v0_26,2,2,132,132,0.00,0
qiskit-alu-v0_26,2,3,132,132,0.00,0
qiskit-alu-v0_26,2,4,132,132,0.00,0
qiskit-alu-v0_26,2,5,132,132,0.00,0
qpeexact_nativegates_ibm_tket_8,2,1,2471,2471,0.00,0
qpeexact_nativegates_ibm_tket_8,2,2,2471,2471,0.00,0
qpeexact_nativegates_ibm_tket_8,2,3,2471,2471,0.00,0
qpeexact_nativegates_ibm_tket_8,2,4,2471,2471,0.00,0
qpeexact_nativegates_ibm_tket_8,2,5,2471,2471,0.00,0
qpeinexact_nativegates_ibm_tket_8,2,1,611,2531,75.86,2673
qpeinexact_nativegates_ibm_tket_8,2,2,2531,2531,0.00,0
qpeinexact_nativegates_ibm_tket_8,2,3,2531,2531,0.00,0
qpeinexact_nativegates_ibm_tket_8,2,4,2531,2531,0.00,0
qpeinexact_nativegates_ibm_tket_8,2,5,2531,2531,0.00,0
radd_250,2,1,4877,4877,0.00,0
radd_250,2,2,4877,4877,0.00,0
radd_250,2,3,4877,4877,0.00,0
radd_250,2,4,4877,4877,0.00,0
radd_250,2,5,4877,4877,0.00,0
rc_adder_6,2,1,200,200,0.00,0
rc_adder_6,2,2,200,200,0.00,0
rc_adder_6,2,3,200,200,0.00,0
rc_adder_6,2,4,200,200,0.00,0
rc_adder_6,2,5,200,200,0.00,0
rd32-v0_66,2,1,50,50,0.00,0
rd32-v0_66,2,2,50,50,0.00,0
rd32-v0_66,2,3,50,50,0.00,0
rd32-v0_66,2,4,50,50,0.00,0
rd32-v0_66,2,5,50,50,0.00,0
rd32-v1_68,2,1,28,68,58.82,375
rd32-v1_68,2,2,68,68,0.00,0
rd32-v1_68,2,3,68,68,0.00,0
rd32-v1_68,2,4,68,68,0.00,0
rd32-v1_68,2,5,68,68,0.00,0
rd32_270,2,1,148,148,0.00,0
rd32_270,2,2,148,148,0.00,0
rd32_270,2,3,148,148,0.00,0
rd32_270,2,4,148,148,0.00,0
rd32_270,2,5,148,148,0.00,0
rd53_130,2,1,1707,1707,0.00,0
rd53_130,2,2,1707,1707,0.00,0
rd53_130,2,3,1707,1707,0.00,0
rd53_130,2,4,1707,1707,0.00,0
rd53_130,2,5,1707,1707,0.00,0
rd53_131,2,1,829,829,0.00,0
rd53_131,2,2,829,829,0.00,0
rd53_131,2,3,829,829,0.00,0
rd53_131,2,4,829,829,0.00,0
rd53_131,2,5,829,829,0.00,0
rd53_133,2,1,336,868,61.29,3224
rd53_133,2,2,868,868,0.00,0
rd53_133,2,3,868,868,0.00,0
rd53_133,2,4,868,868,0.00,0
rd53_133,2,5,868,868,0.00,0
rd53_135,2,1,440,440,0.00,0
rd53_135,2,2,440,440,0.00,0
rd53_135,2,3,440,440,0.00,0
rd53_135,2,4,440,440,0.00,0
rd53_135,2,5,440,440,0.00,0
rd53_138,2,1,196,196,0.00,0
rd53_138,2,2,196,196,0.00,0
rd53_138,2,3,196,196,0.00,0
rd53_138,2,4,196,196,0.00,0
rd53_138,2,5,196,196,0.00,0
rd53_251,2,1,1987,1987,0.00,0
rd53_251,2,2,1987,1987,0.00,0
rd53_251,2,3,1987,1987,0.00,0
rd53_251,2,4,1987,1987,0.00,0
rd53_251,2,5,1987,1987,0.00,0
rd53_311,2,1,227,459,50.54,2832
rd53_311,2,2,459,459,0.00,0
rd53_311,2,3,459,459,0.00,0
rd53_311,2,4,459,459,0.00,0
rd53_311,2,5,459,459,0.00,0
rd73_140,2,1,342,342,0.00,0
rd73_140,2,2,342,342,0.00,0
rd73_140,2,3,342,342,0.00,0
rd73_140,2,4,342,342,0.00,0
rd73_140,2,5,342,342,0.00,0
rd73_252,2,1,8153,8153,0.00,0
rd73_252,2,2,8153,8153,0.00,0
rd73_252,2,3,8153,8153,0.00,0
rd73_252,2,4,8153,8153,0.00,0
rd73_252,2,5,8153,8153,0.00,0
rd84_142,2,1,511,511,0.00,0
rd84_142,2,2,511,511,0.00,0
rd84_142,2,3,511,511,0.00,0
rd84_142,2,4,511,511,0.00,0
rd84_142,2,5,511,511,0.00,0
rd84_253,2,1,9524,20778,54.16,4542
rd84_253,2,2,20778,20778,0.00,0
rd84_253,2,3,20778,20778,0.00,0
rd84_253,2,4,20778,20778,0.00,0
rd84_253,2,5,20778,20778,0.00,0
root_255,2,1,26007,26007,0.00,0
root_255,2,2,26007,26007,0.00,0
root_255,2,3,26007,26007,0.00,0
root_255,2,4,26007,26007,0.00,0
root_255,2,5,26007,26007,0.00,0
sao2_257,2,1,58105,58105,0.00,0
sao2_257,2,2,58105,58105,0.00,0
sao2_257,2,3,58105,58105,0.00,0
sao2_257,2,4,58105,58105,0.00,0
sao2_257,2,5,58105,58105,0.00,0
sf_274,2,1,1269,1269,0.00,0
sf_274,2,2,1269,1269,0.00,0
sf_274,2,3,1269,1269,0.00,0
sf_274,2,4,1269,1269,0.00,0
sf_274,2,5,1269,1269,0.00,0
sf_276,2,1,545,1242,56.12,3601
sf_276,2,2,1242,1242,0.00,0
sf_276,2,3,1242,1242,0.00,0
sf_276,2,4,1242,1242,0.00,0
sf_276,2,5,1242,1242,0.00,0
shor_15_7,2,1,36598,36598,0.00,0
shor_15_7,2,2,36598,36598,0.00,0
shor_15_7,2,3,36598,36598,0.00,0
shor_15_7,2,4,36598,36598,0.00,0
shor_15_7,2,5,36598,36598,0.00,0
sqn_258,2,1,15567,15567,0.00,0
sqn_258,2,2,15567,15567,0.00,0
sqn_258,2,3,15567,15567,0.00,0
sqn_258,2,4,15567,15567,0.00,0
sqn_258,2,5,15567,15567,0.00,0
sqrt8_260,2,1,4601,4601,0.00,0
sqrt8_260,2,2,4601,4601,0.00,0
sqrt8_260,2,3,4601,4601,0.00,0
sqrt8_260,2,4,4601,4601,0.00,0
sqrt8_260,2,5,4601,4601,0.00,0
squar5_261,2,1,1231,3049,59.63,4999
squar5_261,2,2,3049,3049,0.00,0
squar5_261,2,3,3049,3049,0.00,0
squar5_261,2,4,3049,3049,0.00,0
squar5_261,2,5,3049,3049,0.00,0
square_root_7,2,1,13330,13330,0.00,0
square_root_7,2,2,13330,13330,0.00,0
square_root_7,2,3,13330,13330,0.00,0
square_root_7,2,4,13330,13330,0.00,0
square_root_7,2,5,13330,13330,0.00,0
sym10_262,2,1,97107,97107,0.00,0
sym10_262,2,2,97107,97107,0.00,0
sym10_262,2,3,97107,97107,0.00,0
sym10_262,2,4,97107,97107,0.00,0
sym10_262,2,5,97107,97107,0.00,0
sym6_145,2,1,5832,5832,0.00,0
sym6_145,2,2,5832,5832,0.00,0
sym6_145,2,3,5832,5832,0.00,0
sym6_145,2,4,5832,5832,0.00,0
sym6_145,2,5,5832,5832,0.00,0
sym6_316,2,1,207,422,50.95,2944
sym6_316,2,2,422,422,0.00,0
sym6_316,2,3,422,422,0.00,0
sym6_316,2,4,422,422,0.00,0
sym6_316,2,5,422,422,0.00,0
sym9_146,2,1,488,488,0.00,0
sym9_146,2,2,488,488,0.00,0
sym9_146,2,3,488,488,0.00,0
sym9_146,2,4,488,488,0.00,0
sym9_146,2,5,488,488,0.00,0
sym9_148,2,1,32256,32256,0.00,0
sym9_148,2,2,32256,32256,0.00,0
sym9_148,2,3,32256,32256,0.00,0
sym9_148,2,4,32256,32256,0.00,0
sym9_148,2,5,32256,32256,0.00,0
sym9_193,2,1,52809,52809,0.00,0
sym9_193,2,2,52809,52809,0.00,0
sym9_193,2,3,52809,52809,0.00,0
sym9_193,2,4,52809,52809,0.00,0
sym9_193,2,5,52809,52809,0.00,0
sys6-v0_111,2,1,165,319,48.28,2664
sys6-v0_111,2,2,319,319,0.00,0
sys6-v0_111,2,3,319,319,0.00,0
sys6-v0_111,2,4,319,319,0.00,0
sys6-v0_111,2,5,319,319,0.00,0
tof_10,2,1,255,255,0.00,0
tof_10,2,2,255,255,0.00,0
tof_10,2,3,255,255,0.00,0
tof_10,2,4,255,255,0.00,0
tof_10,2,5,255,255,0.00,0
tof_3,2,1,45,45,0.00,0
tof_3,2,2,45,45,0.00,0
tof_3,2,3,45,45,0.00,0
tof_3,2,4,45,45,0.00,0
tof_3,2,5,45,45,0.00,0
tof_4,2,1,75,75,0.00,0
tof_4,2,2,75,75,0.00,0
tof_4,2,3,75,75,0.00,0
tof_4,2,4,75,75,0.00,0
tof_4,2,5,75,75,0.00,0
tof_5,2,1,105,105,0.00,0
tof_5,2,2,105,105,0.00,0
tof_5,2,3,105,105,0.00,0
tof_5,2,4,105,105,0.00,0
tof_5,2,5,105,105,0.00,0
urf1_149,2,1,277296,277296,0.00,0
urf1_149,2,2,277296,277296,0.00,0
urf1_149,2,3,277296,277296,0.00,0
urf1_149,2,4,277296,277296,0.00,0
urf1_149,2,5,277296,277296,0.00,0
urf1_278,2,1,82494,82494,0.00,0
urf1_278,2,2,82494,82494,0.00,0
urf1_278,2,3,82494,82494,0.00,0
urf1_278,2,4,82494,82494,0.00,0
urf1_278,2,5,82494,82494,0.00,0
urf2_152,2,1,120720,120720,0.00,0
urf2_152,2,2,120720,120720,0.00,0
urf2_152,2,3,120720,120720,0.00,0
urf2_152,2,4,120720,120720,0.00,0
urf2_152,2,5,120720,120720,0.00,0
urf2_277,2,1,30016,30016,0.00,0
urf2_277,2,2,30016,30016,0.00,0
urf2_277,2,3,30016,30016,0.00,0
urf2_277,2,4,30016,30016,0.00,0
urf2_277,2,5,30016,30016,0.00,0
urf3_155,2,1,635232,635232,0.00,0
urf3_155,2,2,635232,635232,0.00,0
urf3_155,2,3,635232,635232,0.00,0
urf3_155,2,4,635232,635232,0.00,0
urf3_155,2,5,635232,635232,0.00,0
urf3_279,2,1,189986,189986,0.00,0
urf3_279,2,2,189986,189986,0.00,0
urf3_279,2,3,189986,189986,0.00,0
urf3_279,2,4,189986,189986,0.00,0
urf3_279,2,5,189986,189986,0.00,0
urf4_187,2,1,768096,768096,0.00,0
urf4_187,2,2,768096,768096,0.00,0
urf4_187,2,3,768096,768096,0.00,0
urf4_187,2,4,768096,768096,0.00,0
urf4_187,2,5,768096,768096,0.00,0
urf5_158,2,1,246624,246624,0.00,0
urf5_158,2,2,246624,246624,0.00,0
urf5_158,2,3,246624,246624,0.00,0
urf5_158,2,4,246624,246624,0.00,0
urf5_158,2,5,246624,246624,0.00,0
urf5_280,2,1,75309,75309,0.00,0
urf5_280,2,2,75309,75309,0.00,0
urf5_280,2,3,75309,75309,0.00,0
urf5_280,2,4,75309,75309,0.00,0
urf5_280,2,5,75309,75309,0.00,0
urf6_160,2,1,257760,257760,0.00,0
urf6_160,2,2,257760,257760,0.00,0
urf6_160,2,3,257760,257760,0.00,0
urf6_160,2,4,257760,257760,0.00,0
urf6_160,2,5,257760,257760,0.00,0
vbe_adder_3,2,1,150,150,0.00,0
vbe_adder_3,2,2,150,150,0.00,0
vbe_adder_3,2,3,150,150,0.00,0
vbe_adder_3,2,4,150,150,0.00,0
vbe_adder_3,2,5,150,150,0.00,0
vqe_4,2,1,857,857,0.00,0
vqe_4,2,2,857,857,0.00,0
vqe_4,2,3,857,857,0.00,0
vqe_4,2,4,857,857,0.00,0
vqe_4,2,5,857,857,0.00,0
vqe_nativegates_ibm_tket_8,2,1,703,703,0.00,0
vqe_nativegates_ibm_tket_8,2,2,703,703,0.00,0
vqe_nativegates_ibm_tket_8,2,3,703,703,0.00,0
vqe_nativegates_ibm_tket_8,2,4,703,703,0.00,0
vqe_nativegates_ibm_tket_8,2,5,703,703,0.00,0
vqe_uccsd_n4,2,1,892,892,0.00,0
vqe_uccsd_n4,2,2,892,892,0.00,0
vqe_uccsd_n4,2,3,892,892,0.00,0
vqe_uccsd_n4,2,4,892,892,0.00,0
vqe_uccsd_n4,2,5,892,892,0.00,0
vqe_uccsd_n6,2,1,8762,8762,0.00,0
vqe_uccsd_n6,2,2,8762,8762,0.00,0
vqe_uccsd_n6,2,3,8762,8762,0.00,0
vqe_uccsd_n6,2,4,8762,8762,0.00,0
vqe_uccsd_n6,2,5,8762,8762,0.00,0
vqe_uccsd_n8,2,1,39032,39032,0.00,0
vqe_uccsd_n8,2,2,39032,39032,0.00,0
vqe_uccsd_n8,2,3,39032,39032,0.00,0
vqe_uccsd_n8,2,4,39032,39032,0.00,0
vqe_uccsd_n8,2,5,39032,39032,0.00,0
wim_266,2,1,1554,1554,0.00,0
wim_266,2,2,1554,1554,0.00,0
wim_266,2,3,1554,1554,0.00,0
wim_266,2,4,1554,1554,0.00,0
wim_266,2,5,1554,1554,0.00,0
xor5_254,2,1,23,23,0.00,0
xor5_254,2,2,23,23,0.00,0
xor5_254,2,3,23,23,0.00,0
xor5_254,2,4,23,23,0.00,0
xor5_254,2,5,23,23,0.00,0
z4_268,2,1,4689,4689,0.00,0
z4_268,2,2,4689,4689,0.00,0
z4_268,2,3,4689,4689,0.00,0
z4_268,2,4,4689,4689,0.00,0
z4_268,2,5,4689,4689,0.00,0
